-- phpMyAdmin SQL Dump
-- version 4.8.0.1
-- https://www.phpmyadmin.net/
--
-- Host: 127.0.0.1
-- Generation Time: Dec 12, 2018 at 09:47 PM
-- Server version: 8.0.11
-- PHP Version: 7.2.5

SET SQL_MODE = "NO_AUTO_VALUE_ON_ZERO";
SET AUTOCOMMIT = 0;
START TRANSACTION;
SET time_zone = "+00:00";


/*!40101 SET @OLD_CHARACTER_SET_CLIENT=@@CHARACTER_SET_CLIENT */;
/*!40101 SET @OLD_CHARACTER_SET_RESULTS=@@CHARACTER_SET_RESULTS */;
/*!40101 SET @OLD_COLLATION_CONNECTION=@@COLLATION_CONNECTION */;
/*!40101 SET NAMES utf8mb4 */;

--
-- Database: `ksa_pkl58`
--

-- --------------------------------------------------------

--
-- Table structure for table `desa`
--

CREATE TABLE `desa` (
  `id_desa` varchar(10) CHARACTER SET utf8mb4 COLLATE utf8mb4_0900_ai_ci NOT NULL,
  `nama_desa` varchar(30) CHARACTER SET utf8mb4 COLLATE utf8mb4_0900_ai_ci NOT NULL,
  `id_kec` varchar(7) CHARACTER SET utf8mb4 COLLATE utf8mb4_0900_ai_ci NOT NULL
) ENGINE=InnoDB DEFAULT CHARSET=utf8mb4 COLLATE=utf8mb4_unicode_ci;

--
-- Dumping data for table `desa`
--

INSERT INTO `desa` (`id_desa`, `nama_desa`, `id_kec`) VALUES
('5102010002', 'Antap', '5102010'),
('5102010004', 'Bajera', '5102010'),
('5102010005', 'Berembeng', '5102010'),
('5102010006', 'Serampingan', '5102010'),
('5102010014', 'Selemadeg', '5102010'),
('5102010015', 'Pupuan Sawah', '5102010'),
('5102010018', 'Wanagiri', '5102010'),
('5102010024', 'Wanagiri Kauh', '5102010'),
('5102010025', 'Manikyang', '5102010'),
('5102010026', 'Bajera Utara', '5102010'),
('5102011001', 'Tegal Mengkeb', '5102011'),
('5102011002', 'Beraban', '5102011'),
('5102011003', 'Tangguntiti', '5102011'),
('5102011004', 'Mambang', '5102011'),
('5102011005', 'Bantas', '5102011'),
('5102011006', 'Megati', '5102011'),
('5102011007', 'Gadungan', '5102011'),
('5102011008', 'Gunung Salak', '5102011'),
('5102011009', 'Dalang', '5102011'),
('5102011010', 'Gadung Sari', '5102011'),
('5102012001', 'Lalang Linggah', '5102012'),
('5102012002', 'Antosari', '5102012'),
('5102012003', 'Tiying Gading', '5102012'),
('5102012004', 'Lumbung', '5102012'),
('5102012005', 'Lumbung Kauh', '5102012'),
('5102012006', 'Mundeh', '5102012'),
('5102012007', 'Mundeh Kangin', '5102012'),
('5102012008', 'Angkah', '5102012'),
('5102012009', 'Mundeh Kauh', '5102012'),
('5102012010', 'Selabih', '5102012'),
('5102012011', 'Bengkel Sari', '5102012'),
('5102020001', 'Tibubiyu', '5102020'),
('5102020002', 'Kelating', '5102020'),
('5102020003', 'Penarukan', '5102020'),
('5102020004', 'Belumbang', '5102020'),
('5102020005', 'Tista', '5102020'),
('5102020006', 'Kerambitan', '5102020'),
('5102020007', 'Pangkung Karung', '5102020'),
('5102020008', 'Kukuh', '5102020'),
('5102020009', 'Baturiti', '5102020'),
('5102020010', 'Meliling', '5102020'),
('5102020011', 'Sembung Gede', '5102020'),
('5102020012', 'Samsam', '5102020'),
('5102020013', 'Batuaji', '5102020'),
('5102020014', 'Kesiut', '5102020'),
('5102020015', 'Timpag', '5102020'),
('5102030001', 'Sudimara', '5102030'),
('5102030002', 'Bongan', '5102030'),
('5102030003', 'Gubug', '5102030'),
('5102030004', 'Dauh Peken', '5102030'),
('5102030005', 'Delod Peken', '5102030'),
('5102030006', 'Dajan Peken', '5102030'),
('5102030007', 'Subamia', '5102030'),
('5102030008', 'Denbantas', '5102030'),
('5102030009', 'Buahan', '5102030'),
('5102030010', 'Tunjuk', '5102030'),
('5102030011', 'Wanasari', '5102030'),
('5102030012', 'Sesandan', '5102030'),
('5102040001', 'Pangkung Tibah', '5102040'),
('5102040002', 'Belalang', '5102040'),
('5102040003', 'Beraban', '5102040'),
('5102040004', 'Buwit', '5102040'),
('5102040005', 'Cepaka', '5102040'),
('5102040006', 'Kaba-kaba', '5102040'),
('5102040007', 'Pandak Gede', '5102040'),
('5102040008', 'Bengkel', '5102040'),
('5102040009', 'Pejaten', '5102040'),
('5102040010', 'Nyitdah', '5102040'),
('5102040011', 'Pandak Bandung', '5102040'),
('5102040012', 'Nyambu', '5102040'),
('5102040013', 'Kediri', '5102040'),
('5102040014', 'Abian Tuwung', '5102040'),
('5102040015', 'Banjar Anyar', '5102040'),
('5102050001', 'Tegaljadi', '5102050'),
('5102050002', 'Kukuh', '5102050'),
('5102050003', 'Beringkit Belayu', '5102050'),
('5102050004', 'Peken Belayu', '5102050'),
('5102050005', 'Batannyuh', '5102050'),
('5102050006', 'Kuwum', '5102050'),
('5102050007', 'Caubelayu', '5102050'),
('5102050008', 'Selanbawak', '5102050'),
('5102050009', 'Marga', '5102050'),
('5102050010', 'Petiga', '5102050'),
('5102050011', 'Tua', '5102050'),
('5102050012', 'Payangan', '5102050'),
('5102050013', 'Dauh Puri', '5102050'),
('5102050014', 'Dajan Puri', '5102050'),
('5102050015', 'Geluntung', '5102050'),
('5102050016', 'Baru', '5102050'),
('5102060001', 'Perean', '5102060'),
('5102060002', 'Perean Tengah', '5102060'),
('5102060003', 'Perean Kangin', '5102060'),
('5102060004', 'Luwus', '5102060'),
('5102060005', 'Mekarsari', '5102060'),
('5102060006', 'Apuan', '5102060'),
('5102060007', 'Angseri', '5102060'),
('5102060008', 'Bangli', '5102060'),
('5102060009', 'Baturiti', '5102060'),
('5102060010', 'Batunya', '5102060'),
('5102060011', 'Antapan', '5102060'),
('5102060012', 'Candikuning', '5102060'),
('5102070001', 'Rejasa', '5102070'),
('5102070002', 'Jegu', '5102070'),
('5102070003', 'Riang Gede', '5102070'),
('5102070004', 'Buruan', '5102070'),
('5102070005', 'Tajen', '5102070'),
('5102070006', 'Pitra', '5102070'),
('5102070007', 'Penatahan', '5102070'),
('5102070008', 'Tengkudak', '5102070'),
('5102070009', 'Mengeste', '5102070'),
('5102070010', 'Penebel', '5102070'),
('5102070011', 'Biaung', '5102070'),
('5102070012', 'Babahan', '5102070'),
('5102070013', 'Senganan', '5102070'),
('5102070014', 'Jatiluwih', '5102070'),
('5102070015', 'Wongaya Gede', '5102070'),
('5102070016', 'Pesagi', '5102070'),
('5102070017', 'Tegalinggah', '5102070'),
('5102070018', 'Sangketan', '5102070'),
('5102080001', 'Belatungan', '5102080'),
('5102080002', 'Kebon Padangan', '5102080'),
('5102080003', 'Belimbing', '5102080'),
('5102080004', 'Sanda', '5102080'),
('5102080005', 'Batungsel', '5102080'),
('5102080006', 'Pujungan', '5102080'),
('5102080007', 'Pajahan', '5102080'),
('5102080008', 'Munduk Temu', '5102080'),
('5102080009', 'Pupuan', '5102080'),
('5102080010', 'Bantiran', '5102080'),
('5102080011', 'Padangan', '5102080'),
('5102080012', 'Jelijih Punggang', '5102080'),
('5102080013', 'Karya Sari', '5102080'),
('5102080014', 'Sai', '5102080'),
('5103010001', 'Pecatu', '5103010'),
('5103010002', 'Ungasan', '5103010'),
('5103010003', 'Kutuh', '5103010'),
('5103010004', 'Benoa', '5103010'),
('5103010005', 'Tanjung Benoa', '5103010'),
('5103010006', 'Jimbaran', '5103010'),
('5103020001', 'Kedonganan', '5103020'),
('5103020002', 'Tuban', '5103020'),
('5103020003', 'Kuta', '5103020'),
('5103020004', 'Legian', '5103020'),
('5103020005', 'Seminyak', '5103020'),
('5103030001', 'Kerobokan Kelod', '5103030'),
('5103030002', 'Kerobokan', '5103030'),
('5103030003', 'Kerobokan Kaja', '5103030'),
('5103030004', 'Tibubeneng', '5103030'),
('5103030005', 'Canggu', '5103030'),
('5103030006', 'Dalung', '5103030'),
('5103040001', 'Cemagi', '5103040'),
('5103040002', 'Munggu', '5103040'),
('5103040003', 'Pererenan', '5103040'),
('5103040004', 'Tumbak Bayuh', '5103040'),
('5103040005', 'Buduk', '5103040'),
('5103040006', 'Abianbase', '5103040'),
('5103040007', 'Sempidi', '5103040'),
('5103040008', 'Sading', '5103040'),
('5103040009', 'Lukluk', '5103040'),
('5103040010', 'Kapal', '5103040'),
('5103040011', 'Kekeran', '5103040'),
('5103040012', 'Mengwitani', '5103040'),
('5103040013', 'Mengwi', '5103040'),
('5103040014', 'Gulingan', '5103040'),
('5103040015', 'Penarungan', '5103040'),
('5103040016', 'Baha', '5103040'),
('5103040017', 'Werdi Bhuwana', '5103040'),
('5103040018', 'Sobangan', '5103040'),
('5103040019', 'Sembung', '5103040'),
('5103040020', 'Kuwum', '5103040'),
('5103050001', 'Darmasaba', '5103050'),
('5103050002', 'Sibang Gede', '5103050'),
('5103050003', 'Jagapati', '5103050'),
('5103050004', 'Angantaka', '5103050'),
('5103050005', 'Sedang', '5103050'),
('5103050006', 'Sibang Kaja', '5103050'),
('5103050007', 'Mekar Bhuana', '5103050'),
('5103050008', 'Mambal', '5103050'),
('5103050009', 'Abiansemal', '5103050'),
('5103050010', 'Dauh Yeh Cani', '5103050'),
('5103050011', 'Ayunan', '5103050'),
('5103050012', 'Blahkiuh', '5103050'),
('5103050013', 'Punggul', '5103050'),
('5103050014', 'Bongkasa', '5103050'),
('5103050015', 'Taman', '5103050'),
('5103050016', 'Selat', '5103050'),
('5103050017', 'Sangeh', '5103050'),
('5103050018', 'Bongkasa Pertiwi', '5103050'),
('5103060001', 'Carangsari', '5103060'),
('5103060002', 'Getasan', '5103060'),
('5103060003', 'Pangsan', '5103060'),
('5103060004', 'Petang', '5103060'),
('5103060005', 'Sulangai', '5103060'),
('5103060006', 'Pelaga', '5103060'),
('5103060007', 'Belok/sidan', '5103060'),
('5104010001', 'Batubulan', '5104010'),
('5104010002', 'Batubulan Kangin', '5104010'),
('5104010003', 'Ketewel', '5104010'),
('5104010004', 'Guwang', '5104010'),
('5104010005', 'Sukawati', '5104010'),
('5104010006', 'Celuk', '5104010'),
('5104010007', 'Singapadu', '5104010'),
('5104010008', 'Singapadu Tengah', '5104010'),
('5104010009', 'Singapadu Kaler', '5104010'),
('5104010010', 'Batuan', '5104010'),
('5104010011', 'Batuan Kaler', '5104010'),
('5104010012', 'Kemenuh', '5104010'),
('5104020001', 'Saba', '5104020'),
('5104020002', 'Pering', '5104020'),
('5104020003', 'Keramas', '5104020'),
('5104020004', 'Medahan', '5104020'),
('5104020005', 'Bona', '5104020'),
('5104020006', 'Belega', '5104020'),
('5104020007', 'Blahbatuh', '5104020'),
('5104020008', 'Buruan', '5104020'),
('5104020009', 'Bedulu', '5104020'),
('5104030001', 'Lebih', '5104030'),
('5104030002', 'Tulikup', '5104030'),
('5104030003', 'Temesi', '5104030'),
('5104030004', 'Sidan', '5104030'),
('5104030005', 'Samplangan', '5104030'),
('5104030006', 'Serongga', '5104030'),
('5104030007', 'Abianbase', '5104030'),
('5104030008', 'Gianyar', '5104030'),
('5104030009', 'Beng', '5104030'),
('5104030010', 'Bitera', '5104030'),
('5104030011', 'Bakbakan', '5104030'),
('5104030012', 'Siangan', '5104030'),
('5104030013', 'Suwat', '5104030'),
('5104030014', 'Petak', '5104030'),
('5104030015', 'Petak Kaja', '5104030'),
('5104030016', 'Sumita', '5104030'),
('5104030017', 'Tegal Tugu', '5104030'),
('5104040001', 'Pejeng Kawan', '5104040'),
('5104040002', 'Pejeng', '5104040'),
('5104040003', 'Pejeng Kelod', '5104040'),
('5104040004', 'Pejeng Kangin', '5104040'),
('5104040005', 'Pejeng Kaja', '5104040'),
('5104040006', 'Sanding', '5104040'),
('5104040007', 'Tampaksiring', '5104040'),
('5104040008', 'Manukaya', '5104040'),
('5104050001', 'Singekerta', '5104050'),
('5104050002', 'Lodtunduh', '5104050'),
('5104050003', 'Mas', '5104050'),
('5104050004', 'Peliatan', '5104050'),
('5104050005', 'Petulu', '5104050'),
('5104050006', 'Ubud', '5104050'),
('5104050007', 'Sayan', '5104050'),
('5104050008', 'Kedewatan', '5104050'),
('5104060001', 'Keliki', '5104060'),
('5104060002', 'Tegallalang', '5104060'),
('5104060003', 'Kenderan', '5104060'),
('5104060004', 'Kedisan', '5104060'),
('5104060005', 'Pupuan', '5104060'),
('5104060006', 'Sebatu', '5104060'),
('5104060007', 'Taro', '5104060'),
('5104070001', 'Melinggih Kelod', '5104070'),
('5104070002', 'Melinggih', '5104070'),
('5104070003', 'Kelusa', '5104070'),
('5104070004', 'Beresela', '5104070'),
('5104070005', 'Bukian', '5104070'),
('5104070006', 'Puhu', '5104070'),
('5104070007', 'Buahan', '5104070'),
('5104070008', 'Buahan Kaja', '5104070'),
('5104070009', 'Kerta', '5104070');

-- --------------------------------------------------------

--
-- Table structure for table `fase_tanam`
--

CREATE TABLE `fase_tanam` (
  `id_fase` int(11) NOT NULL,
  `nama_fase` varchar(30) CHARACTER SET utf8mb4 COLLATE utf8mb4_0900_ai_ci NOT NULL
) ENGINE=InnoDB DEFAULT CHARSET=utf8mb4 COLLATE=utf8mb4_unicode_ci;

--
-- Dumping data for table `fase_tanam`
--

INSERT INTO `fase_tanam` (`id_fase`, `nama_fase`) VALUES
(1, 'Vegetatif 1'),
(2, 'Vegetatif 2'),
(3, 'Generatif'),
(4, 'Panen'),
(5, 'Persiapan Lahan'),
(6, 'Puso'),
(7, 'Sawah Bukan Padi'),
(8, 'Bukan Sawah');

-- --------------------------------------------------------

--
-- Table structure for table `feedback`
--

CREATE TABLE `feedback` (
  `id_feedback` int(11) NOT NULL,
  `nim_penerima` varchar(8) CHARACTER SET utf8mb4 COLLATE utf8mb4_0900_ai_ci NOT NULL,
  `id_segmen` varchar(12) CHARACTER SET utf8mb4 COLLATE utf8mb4_0900_ai_ci NOT NULL,
  `isi_feedback` text CHARACTER SET utf8mb4 COLLATE utf8mb4_0900_ai_ci NOT NULL,
  `waktu_terima` timestamp NOT NULL ON UPDATE CURRENT_TIMESTAMP,
  `jenis_feedback` int(11) NOT NULL
) ENGINE=InnoDB DEFAULT CHARSET=utf8mb4 COLLATE=utf8mb4_unicode_ci;

-- --------------------------------------------------------

--
-- Table structure for table `foto_amatan`
--

CREATE TABLE `foto_amatan` (
  `id_subsegmen` varchar(15) CHARACTER SET utf8mb4 COLLATE utf8mb4_0900_ai_ci NOT NULL,
  `id_foto` int(11) NOT NULL,
  `file_foto` varchar(150) CHARACTER SET utf8mb4 COLLATE utf8mb4_0900_ai_ci NOT NULL,
  `status_foto` int(11) DEFAULT NULL
) ENGINE=InnoDB DEFAULT CHARSET=utf8mb4 COLLATE=utf8mb4_unicode_ci;

-- --------------------------------------------------------

--
-- Table structure for table `jenis_feedback`
--

CREATE TABLE `jenis_feedback` (
  `id_jenis_feedback` int(11) NOT NULL,
  `jenis_feedback` varchar(30) CHARACTER SET utf8mb4 COLLATE utf8mb4_0900_ai_ci NOT NULL
) ENGINE=InnoDB DEFAULT CHARSET=utf8mb4 COLLATE=utf8mb4_unicode_ci;

--
-- Dumping data for table `jenis_feedback`
--

INSERT INTO `jenis_feedback` (`id_jenis_feedback`, `jenis_feedback`) VALUES
(0, 'Feedbak Negatif'),
(1, 'Feedback Positif');

-- --------------------------------------------------------

--
-- Table structure for table `kabkota`
--

CREATE TABLE `kabkota` (
  `id_kab` varchar(4) CHARACTER SET utf8mb4 COLLATE utf8mb4_0900_ai_ci NOT NULL,
  `nama_kab` varchar(30) CHARACTER SET utf8mb4 COLLATE utf8mb4_0900_ai_ci NOT NULL
) ENGINE=InnoDB DEFAULT CHARSET=utf8mb4 COLLATE=utf8mb4_unicode_ci;

--
-- Dumping data for table `kabkota`
--

INSERT INTO `kabkota` (`id_kab`, `nama_kab`) VALUES
('5101', 'Jembrana'),
('5102', 'Tabanan'),
('5103', 'Badung'),
('5104', 'Gianyar'),
('5105', 'Klungkung'),
('5106', 'Bangli'),
('5107', 'Karang Asem'),
('5108', 'Buleleng'),
('5171', 'Denpasar');

-- --------------------------------------------------------

--
-- Table structure for table `kecamatan`
--

CREATE TABLE `kecamatan` (
  `id_kec` varchar(7) CHARACTER SET utf8mb4 COLLATE utf8mb4_0900_ai_ci NOT NULL,
  `nama_kec` varchar(30) CHARACTER SET utf8mb4 COLLATE utf8mb4_0900_ai_ci NOT NULL,
  `id_kab` varchar(4) CHARACTER SET utf8mb4 COLLATE utf8mb4_0900_ai_ci NOT NULL
) ENGINE=InnoDB DEFAULT CHARSET=utf8mb4 COLLATE=utf8mb4_unicode_ci;

--
-- Dumping data for table `kecamatan`
--

INSERT INTO `kecamatan` (`id_kec`, `nama_kec`, `id_kab`) VALUES
('5102010', 'Selemadeg', '5102'),
('5102011', 'Selemadeg Timur', '5102'),
('5102012', 'Selemadeg Barat', '5102'),
('5102020', 'Kerambitan', '5102'),
('5102030', 'Tabanan', '5102'),
('5102040', 'Kediri', '5102'),
('5102050', 'Marga', '5102'),
('5102060', 'Baturiti', '5102'),
('5102070', 'Penebel', '5102'),
('5102080', 'Pupuan', '5102'),
('5103010', 'Kuta Selatan', '5103'),
('5103020', 'Kuta', '5103'),
('5103030', 'Kuta Utara', '5103'),
('5103040', 'Mengwi', '5103'),
('5103050', 'Abiansemal', '5103'),
('5103060', 'Petang', '5103'),
('5104010', 'Sukawati', '5104'),
('5104020', 'Blahbatuh', '5104'),
('5104030', 'Gianyar', '5104'),
('5104040', 'Tampaksiring', '5104'),
('5104050', 'Ubud', '5104'),
('5104060', 'Tegallalang', '5104'),
('5104070', 'Payangan', '5104'),
('5171010', 'Denpasar Selatan', '5171'),
('5171020', 'Denpasar Timur', '5171'),
('5171030', 'Denpasar Barat', '5171'),
('5171031', 'Denpasar Utara', '5171');

-- --------------------------------------------------------

--
-- Table structure for table `luas_sawah_kecamatan`
--

CREATE TABLE `luas_sawah_kecamatan` (
  `id_kab` varchar(4) CHARACTER SET utf8mb4 COLLATE utf8mb4_0900_ai_ci NOT NULL,
  `id_kec` varchar(6) CHARACTER SET utf8mb4 COLLATE utf8mb4_0900_ai_ci NOT NULL,
  `luas_s1` float NOT NULL,
  `luas_s2` float NOT NULL,
  `luas_s3` float NOT NULL,
  `luas_total` float NOT NULL,
  `luas_sawah_ksa` float NOT NULL,
  `luas_sawah_big` float NOT NULL,
  `luas_sawah_bps` float NOT NULL,
  `luas_sawah_gabungan` float NOT NULL
) ENGINE=InnoDB DEFAULT CHARSET=utf8mb4 COLLATE=utf8mb4_unicode_ci;

-- --------------------------------------------------------

--
-- Table structure for table `no_hp`
--

CREATE TABLE `no_hp` (
  `no_hp` varchar(30) CHARACTER SET utf8mb4 COLLATE utf8mb4_0900_ai_ci NOT NULL,
  `nim` varchar(8) CHARACTER SET utf8mb4 COLLATE utf8mb4_0900_ai_ci NOT NULL
) ENGINE=InnoDB DEFAULT CHARSET=utf8mb4 COLLATE=utf8mb4_unicode_ci;

--
-- Dumping data for table `no_hp`
--

INSERT INTO `no_hp` (`no_hp`, `nim`) VALUES
('082322172708', '15.8518'),
('087765783141', '15.8639'),
('089635849972', '15.8648'),
('085640901780', '15.8649'),
('081231986298', '15.8697'),
('082251591732', '15.8908'),
('081288092922', '15.8947'),
('081237580315', '15.8948'),
('081274150677', '16.8960'),
('081382558884', '16.8961'),
('082110852986', '16.8962'),
('087878461876', '16.8963'),
('081321128883', '16.8964'),
('083842792848', '16.8965'),
('085714968152', '16.8966'),
('082137146100', '16.8967'),
('081348060162', '16.8968'),
('0895327070477', '16.8969'),
('0895375811698', '16.8970'),
('081905061635', '16.8971'),
('087858893030', '16.8972'),
('082112399138', '16.8973'),
('082258883993', '16.8974'),
('089634469683', '16.8975'),
('081299034758', '16.8977'),
('083805559909', '16.8978'),
('082384887659', '16.8979'),
('082229906525', '16.8980'),
('081556740008', '16.8981'),
('08995758234', '16.8982'),
('085708660881', '16.8983'),
('085870489979', '16.8984'),
('082346867711', '16.8985'),
('081227059087', '16.8986'),
('085769801909', '16.8987'),
('087878007517', '16.8988'),
('085743293365', '16.8989'),
('082325255050', '16.8990'),
('081325125335', '16.8991'),
('082383516273', '16.8992'),
('082322733313', '16.8993'),
('089675496720', '16.8994'),
('081296117885', '16.8995'),
('082261828467', '16.8996'),
('082247220898', '16.8997'),
('081232573053', '16.8998'),
('081252665216', '16.8999'),
('082247734075', '16.9000'),
('081225494871', '16.9001'),
('082277464846', '16.9002'),
('082251048467', '16.9003'),
('081236157705', '16.9004'),
('0895367249585', '16.9005'),
('083891620307', '16.9006'),
('081340200469', '16.9007'),
('081227287827', '16.9008'),
('081584577443', '16.9009'),
('085339043675', '16.9010'),
('081293561004', '16.9011'),
('087783204011', '16.9012'),
('085728610033', '16.9013'),
('085727748403', '16.9014'),
('081517447321', '16.9015'),
('087877995252', '16.9016'),
('085237468848', '16.9017'),
('0895352661702', '16.9018'),
('081329179468', '16.9019'),
('085772242428', '16.9020'),
('085728084924', '16.9021'),
('0895601382471', '16.9022'),
('085945543849', '16.9023'),
('085770445597', '16.9024'),
('0895367674348', '16.9025'),
('085238760553', '16.9026'),
('081385456442', '16.9027'),
('081398415734', '16.9028'),
('085643220033', '16.9029'),
('083829005443', '16.9031'),
('082293380227', '16.9032'),
('082281202689', '16.9033'),
('0895345317054', '16.9034'),
('085799568258', '16.9035'),
('08979923610', '16.9036'),
('081511846645', '16.9037'),
('085747188426', '16.9038'),
('085641932806', '16.9039'),
('083875435077', '16.9040'),
('081384572404', '16.9041'),
('082260724819', '16.9043'),
('087885816022', '16.9044'),
('081807928910', '16.9045'),
('082234485280', '16.9046'),
('081294288918', '16.9047'),
('085226398534', '16.9048'),
('085292391363', '16.9049'),
('087785276699', '16.9050'),
('085780576517', '16.9051'),
('081212571924', '16.9052'),
('085642435357', '16.9053'),
('082238597792', '16.9054'),
('082284255687', '16.9055'),
('082114753861', '16.9056'),
('081312052342', '16.9057'),
('085238386569', '16.9058'),
('081389412326', '16.9059'),
('082116691346', '16.9060'),
('085214081468', '16.9061'),
('087729727618', '16.9062'),
('085799990725', '16.9063'),
('087875053223', '16.9064'),
('089515474224', '16.9065'),
('08575710854', '16.9066'),
('082213601166', '16.9067'),
('082335349434', '16.9068'),
('08976091427', '16.9069'),
('082386459028', '16.9070'),
('081228610227', '16.9071'),
('085746943202', '16.9072'),
('082133637107', '16.9073'),
('085344488208', '16.9074'),
('085398614202', '16.9075'),
('088223941095', '16.9076'),
('082197500139', '16.9077'),
('085884531337', '16.9078'),
('082324713474', '16.9079'),
('085216056909', '16.9080'),
('089635657705', '16.9081'),
('089666923050', '16.9082'),
('082246857312', '16.9083'),
('0895342805386', '16.9084'),
('085866816731', '16.9085'),
('081225451018', '16.9086'),
('082272432692', '16.9087'),
('081292541608', '16.9088'),
('081295301375', '16.9089'),
('085255136252', '16.9090'),
('085293486096', '16.9091'),
('089690690969', '16.9092'),
('082232368144', '16.9093'),
('085256869269', '16.9094'),
('082384120420', '16.9095'),
('08562724760', '16.9096'),
('081226409695', '16.9097'),
('085758738930', '16.9098'),
('0895622633904', '16.9099'),
('085866164152', '16.9100'),
('08887005559', '16.9101'),
('081386185231', '16.9102'),
('085938547622', '16.9103'),
('085368419423', '16.9104'),
('083870756584', '16.9105'),
('087888765082', '16.9106'),
('082232646425', '16.9107'),
('082225502834', '16.9108'),
('089678634407', '16.9109'),
('0895390827774', '16.9110'),
('089630424629', '16.9111'),
('081261050552', '16.9112'),
('087825046257', '16.9113'),
('081355701171', '16.9114'),
('085725333696', '16.9115'),
('083848558620', '16.9116'),
('085790619843', '16.9117'),
('089670024774', '16.9118'),
('085376548645', '16.9119'),
('08112223521', '16.9120'),
('083189190755', '16.9121'),
('082299165563', '16.9122'),
('085891080207', '16.9123'),
('082114358149', '16.9124'),
('081212890291', '16.9125'),
('082250815606', '16.9126'),
('085643834779', '16.9127'),
('081273478955', '16.9128'),
('082252840039', '16.9129'),
('081210766330', '16.9130'),
('081211082697', '16.9131'),
('085368652828', '16.9132'),
('082144585157', '16.9133'),
('085380900219', '16.9134'),
('082335598691', '16.9135'),
('085736964695', '16.9136'),
('085369012322', '16.9137'),
('082378250006', '16.9138'),
('089608507942', '16.9139'),
('089525405067', '16.9140'),
('085888999360', '16.9141'),
('089647172649', '16.9142'),
('089518434677', '16.9143'),
('085337716155', '16.9144'),
('08111942022', '16.9145'),
('081363737538', '16.9146'),
('082312653111', '16.9148'),
('081218738582', '16.9149'),
('081225552755', '16.9150'),
('08986120214', '16.9151'),
('081519298412', '16.9153'),
('087894336299', '16.9154'),
('0895348331329', '16.9155'),
('08972033565', '16.9156'),
('082362752535', '16.9157'),
('082269287050', '16.9158'),
('082111134517', '16.9159'),
('085271029249', '16.9161'),
('083838995236', '16.9162'),
('085326805459', '16.9163'),
('089651847148', '16.9164'),
('087734987293', '16.9165'),
('08113667371', '16.9166'),
('085890957497', '16.9167'),
('082292490997', '16.9168'),
('085271111725', '16.9169'),
('082137063838', '16.9171'),
('081383833719', '16.9172'),
('089654666460', '16.9173'),
('082187287282', '16.9174'),
('08159621421', '16.9175'),
('085716479700', '16.9176'),
('082301123374', '16.9177'),
('085741176347', '16.9178'),
('085200555566', '16.9179'),
('082293557765', '16.9180'),
('085242926939', '16.9181'),
('087771266325', '16.9182'),
('085338663316', '16.9183'),
('082236176979', '16.9184'),
('081339422463', '16.9185'),
('087786398271', '16.9186'),
('085346997733', '16.9187'),
('082168865375', '16.9188'),
('085878422118', '16.9189'),
('085702442742', '16.9190'),
('082213992243', '16.9191'),
('083876185403', '16.9192'),
('087886864604', '16.9193'),
('085728164775', '16.9194'),
('082112110434', '16.9195'),
('082230660700', '16.9196'),
('082257496048', '16.9197'),
('085839889905', '16.9198'),
('085779228987', '16.9199'),
('085233120035', '16.9200'),
('085769250009', '16.9201'),
('082244115774', '16.9202'),
('081316922331', '16.9203'),
('085736514214', '16.9204'),
('085704180131', '16.9205'),
('085100689595', '16.9206'),
('085697185516', '16.9207'),
('082147303861', '16.9208'),
('085214081214', '16.9209'),
('082284608240', '16.9210'),
('081232193368', '16.9211'),
('081946311302', '16.9212'),
('082335537612', '16.9213'),
('087881221705', '16.9214'),
('081280577938', '16.9215'),
('085290854548', '16.9216'),
('082341354637', '16.9217'),
('085344705697', '16.9218'),
('082145307736', '16.9220'),
('087786180858', '16.9221'),
('08179867599', '16.9222'),
('085337990599', '16.9223'),
('081355842218', '16.9224'),
('087833803732', '16.9225'),
('081380233961', '16.9226'),
('085778116601', '16.9227'),
('081228334508', '16.9228'),
('081575879838', '16.9229'),
('081914102020', '16.9230'),
('085850696718', '16.9232'),
('087786266624', '16.9233'),
('082112189226', '16.9234'),
('085607350919', '16.9235'),
('085648668636', '16.9236'),
('082298531916', '16.9237'),
('081218642267', '16.9238'),
('085337430565', '16.9239'),
('085289395105', '16.9240'),
('089620005396', '16.9241'),
('085640646284', '16.9242'),
('089520295525', '16.9243'),
('0895350088431', '16.9244'),
('082359060483', '16.9246'),
('081291270583', '16.9247'),
('082288486385', '16.9248'),
('085875776775', '16.9249'),
('081353670437', '16.9252'),
('081248590962', '16.9253'),
('081283390519', '16.9255'),
('081386797176', '16.9256'),
('081236239791', '16.9257'),
('081231712230', '16.9258'),
('082237823321', '16.9259'),
('081282381297', '16.9260'),
('082199402261', '16.9261'),
('081246881365', '16.9262'),
('082310677930', '16.9263'),
('081311575335', '16.9264'),
('085229101825', '16.9265'),
('085263963624', '16.9266'),
('089616314835', '16.9267'),
('082374396507', '16.9268'),
('085640679952', '16.9269'),
('081314081342', '16.9270'),
('0895365713336', '16.9272'),
('082311631043', '16.9273'),
('089695774826', '16.9274'),
('085736727254', '16.9275'),
('081908217439', '16.9276'),
('082242533478', '16.9277'),
('087887871696', '16.9278'),
('085755272635', '16.9279'),
('087738382890', '16.9280'),
('08576311537', '16.9281'),
('082298532529', '16.9282'),
('08118075910', '16.9283'),
('085780482354', '16.9284'),
('089673411290', '16.9285'),
('082285046416', '16.9286'),
('081998473013', '16.9287'),
('087834507599', '16.9288'),
('081218608786', '16.9289'),
('085777416333', '16.9290'),
('081321488364', '16.9291'),
('089657580126', '16.9292'),
('081322827054', '16.9293'),
('08977200760', '16.9294'),
('082160908086', '16.9295'),
('085210384438', '16.9296'),
('082121717652', '16.9297'),
('085691985278', '16.9298'),
('085725016613', '16.9299'),
('085959521681', '16.9300'),
('087775782690', '16.9301'),
('085823025611', '16.9302'),
('081336208978', '16.9303'),
('082112360980', '16.9304'),
('087884235742', '16.9305'),
('081319969509', '16.9306'),
('085799656655', '16.9307'),
('085856271122', '16.9308'),
('085920509808', '16.9309'),
('089653764949', '16.9310'),
('081332210835', '16.9311'),
('081312782616', '16.9312'),
('081242716053', '16.9313'),
('085869794100', '16.9314'),
('081230146054', '16.9315'),
('085250501134', '16.9316'),
('082281902973', '16.9317'),
('085271268200', '16.9318'),
('081215875589', '16.9319'),
('087877399355', '16.9320'),
('081221111791', '16.9321'),
('082178229354', '16.9322'),
('081374974001', '16.9323'),
('083100847060', '16.9325'),
('081326608144', '16.9327'),
('085336108733', '16.9328'),
('087887963041', '16.9329'),
('082289413528', '16.9330'),
('082399986903', '16.9331'),
('082143127919', '16.9332'),
('085842552691', '16.9333'),
('081329751355', '16.9334'),
('085847444311', '16.9335'),
('082245399963', '16.9336'),
('081548979385', '16.9337'),
('085313180914', '16.9338'),
('081370011121', '16.9339'),
('081266246558', '16.9340'),
('085743701051', '16.9341'),
('081354651075', '16.9342'),
('082182520649', '16.9343'),
('085211077585', '16.9344'),
('082211854373', '16.9345'),
('082122578820', '16.9346'),
('085380574388', '16.9347'),
('081282042840', '16.9348'),
('082332998412', '16.9349'),
('085729493103', '16.9350'),
('087837910281', '16.9351'),
('085842629754', '16.9352'),
('085230532445', '16.9353'),
('086729086730', '16.9354'),
('083166582389', '16.9355'),
('088213413089', '16.9356'),
('082222205198', '16.9357'),
('081319450229', '16.9358'),
('081382248833', '16.9359'),
('081245760612', '16.9360'),
('081381826828', '16.9361'),
('0895351622360', '16.9362'),
('085792168094', '16.9363'),
('085833209231', '16.9364'),
('083115262412', '16.9365'),
('085946978264', '16.9366'),
('085262854700', '16.9367'),
('082386420839', '16.9368'),
('081776996988', '16.9369'),
('089531387102', '16.9370'),
('081314692624', '16.9371'),
('081995384480', '16.9372'),
('081311011098', '16.9373'),
('082244182832', '16.9374'),
('081284134492', '16.9375'),
('085801497078', '16.9376'),
('082391663323', '16.9377'),
('083806264122', '16.9378'),
('087710205231', '16.9379'),
('085377068129', '16.9380'),
('081233463160', '16.9381'),
('081265715714', '16.9382'),
('085775277475', '16.9383'),
('082397066382', '16.9384'),
('082328711061', '16.9385'),
('082311597589', '16.9386'),
('081348785653', '16.9387'),
('085244363721', '16.9388'),
('081295684837', '16.9389'),
('08974528197', '16.9390'),
('081248899576', '16.9391'),
('085755113753', '16.9392'),
('081319633954', '16.9393'),
('082398013530', '16.9394'),
('082280627393', '16.9395'),
('085266011750', '16.9396'),
('081230148235', '16.9397'),
('081294021472', '16.9398'),
('087839920486', '16.9399'),
('081350402088', '16.9400'),
('089685899868', '16.9401'),
('085875748384', '16.9402'),
('085731294400', '16.9403'),
('082122931217', '16.9404'),
('081931176263', '16.9405'),
('082177377717', '16.9406'),
('085806965492', '16.9407'),
('085889403608', '16.9408'),
('085606512256', '16.9409'),
('08563559054', '16.9410'),
('085743273184', '16.9411'),
('082347431774', '16.9412'),
('082398343139', '16.9413'),
('081390147185', '16.9414'),
('082172280984', '16.9415'),
('082272101901', '16.9416'),
('081232996470', '16.9417'),
('089513358693', '16.9418'),
('081351400413', '16.9419'),
('081317957160', '16.9420'),
('089518018752', '16.9421'),
('085255151753', '16.9422'),
('081393203393', '16.9423'),
('085713489014', '16.9424'),
('08998663364', '16.9425'),
('089628933010', '16.9426'),
('082342370033', '16.9427'),
('085333170141', '16.9428'),
('082292885857', '16.9429'),
('081260667094', '16.9430'),
('082213568464', '16.9431'),
('081370958072', '16.9432'),
('089656874896', '16.9433'),
('081338554975', '16.9434'),
('082399183618', '16.9435'),
('081515282126', '16.9436'),
('081279065133', '16.9437'),
('085711690535', '16.9438'),
('081389408994', '16.9439'),
('083175012044', '16.9440'),
('085946024752', '16.9441'),
('085868361966', '16.9442'),
('085243512209', '16.9443'),
('085959714424', '16.9444'),
('081382555145', '16.9445'),
('089695193193', '16.9446'),
('085360855342', '16.9447'),
('085697179239', '16.9448'),
('081288092298', '16.9449'),
('082273513417', '16.9450'),
('085719347682', '16.9451'),
('082136109792', '16.9453'),
('082283097713', '16.9454'),
('085344882868', '16.9455'),
('082114840722', '16.9456'),
('085374487833', '16.9457'),
('083869580792', '16.9458'),
('087782824754', '16.9459'),
('081212048831', '16.9460'),
('082279676944', '16.9461'),
('089669815373', '16.9463'),
('082306772436', '16.9464'),
('082140969709', '16.9465'),
('082269843394', '16.9466'),
('082261555613', '16.9467'),
('083831865222', '16.9468'),
('082144396922', '16.9469'),
('082247310217', '16.9470'),
('085238247040', '16.9471'),
('081235251814', '16.9472'),
('0895388453364', '16.9473'),
('089508888302', '16.9474'),
('081361542792', '16.9475'),
('085333427614', '16.9476'),
('081338037352', '16.9477'),
('089530760432', '16.9478'),
('083863664517', '16.9479'),
('089684918115', '16.9480'),
('085643990164', '16.9481'),
('085850320840', '16.9482'),
('081231159095', '16.9483'),
('082247118311', '16.9484'),
('0812661885650', '16.9485'),
('_hp', 'nim');

-- --------------------------------------------------------

--
-- Table structure for table `otoritas`
--

CREATE TABLE `otoritas` (
  `id_otoritas` int(11) NOT NULL,
  `jenis_otoritas` varchar(30) CHARACTER SET utf8mb4 COLLATE utf8mb4_0900_ai_ci NOT NULL
) ENGINE=InnoDB DEFAULT CHARSET=utf8mb4 COLLATE=utf8mb4_unicode_ci;

--
-- Dumping data for table `otoritas`
--

INSERT INTO `otoritas` (`id_otoritas`, `jenis_otoritas`) VALUES
(1, 'PCL'),
(2, 'PMS');

-- --------------------------------------------------------

--
-- Table structure for table `pemberitahuan`
--

CREATE TABLE `pemberitahuan` (
  `id_pemberitahuan` int(11) NOT NULL,
  `judul` tinytext CHARACTER SET utf8mb4 COLLATE utf8mb4_0900_ai_ci NOT NULL,
  `isi` text CHARACTER SET utf8mb4 COLLATE utf8mb4_0900_ai_ci NOT NULL,
  `pembuat` varchar(30) CHARACTER SET utf8mb4 COLLATE utf8mb4_0900_ai_ci NOT NULL,
  `waktu` datetime NOT NULL ON UPDATE CURRENT_TIMESTAMP,
  `foto` varchar(150) CHARACTER SET utf8mb4 COLLATE utf8mb4_0900_ai_ci NOT NULL
) ENGINE=InnoDB DEFAULT CHARSET=utf8mb4 COLLATE=utf8mb4_unicode_ci;

-- --------------------------------------------------------

--
-- Table structure for table `pesan`
--

CREATE TABLE `pesan` (
  `id_pesan` int(11) NOT NULL,
  `nim_pengirim` varchar(8) CHARACTER SET utf8mb4 COLLATE utf8mb4_0900_ai_ci NOT NULL,
  `id_segmen` varchar(12) CHARACTER SET utf8mb4 COLLATE utf8mb4_0900_ai_ci NOT NULL,
  `isi_pesan` text CHARACTER SET utf8mb4 COLLATE utf8mb4_0900_ai_ci NOT NULL,
  `waktu_terkirim` timestamp NOT NULL ON UPDATE CURRENT_TIMESTAMP
) ENGINE=InnoDB DEFAULT CHARSET=utf8mb4 COLLATE=utf8mb4_unicode_ci;

-- --------------------------------------------------------

--
-- Table structure for table `segmen`
--

CREATE TABLE `segmen` (
  `id_segmen` varchar(13) CHARACTER SET utf8mb4 COLLATE utf8mb4_0900_ai_ci NOT NULL,
  `log_segmen` varchar(30) CHARACTER SET utf8mb4 COLLATE utf8mb4_0900_ai_ci NOT NULL,
  `lat_segmen` varchar(30) CHARACTER SET utf8mb4 COLLATE utf8mb4_0900_ai_ci NOT NULL,
  `id_status` tinyint(4) NOT NULL,
  `id_strata` varchar(2) CHARACTER SET utf8mb4 COLLATE utf8mb4_0900_ai_ci NOT NULL,
  `id_desa` varchar(8) CHARACTER SET utf8mb4 COLLATE utf8mb4_0900_ai_ci NOT NULL,
  `nim_pcl` varchar(8) CHARACTER SET utf8mb4 COLLATE utf8mb4_0900_ai_ci DEFAULT NULL
) ENGINE=InnoDB DEFAULT CHARSET=utf8mb4 COLLATE=utf8mb4_unicode_ci;

-- --------------------------------------------------------

--
-- Table structure for table `segmen_pengganti`
--

CREATE TABLE `segmen_pengganti` (
  `segmen_sebelumnya` varchar(13) CHARACTER SET utf8mb4 COLLATE utf8mb4_0900_ai_ci DEFAULT NULL,
  `id_segmen_pengganti` varchar(13) CHARACTER SET utf8mb4 COLLATE utf8mb4_0900_ai_ci NOT NULL,
  `long_segmen` varchar(30) CHARACTER SET utf8mb4 COLLATE utf8mb4_0900_ai_ci NOT NULL,
  `lat_segmen` varchar(30) CHARACTER SET utf8mb4 COLLATE utf8mb4_0900_ai_ci NOT NULL,
  `id_status` tinyint(4) NOT NULL,
  `id_strata` varchar(2) CHARACTER SET utf8mb4 COLLATE utf8mb4_0900_ai_ci NOT NULL,
  `id_desa` varchar(10) CHARACTER SET utf8mb4 COLLATE utf8mb4_0900_ai_ci DEFAULT NULL,
  `nim_pcl` varchar(8) CHARACTER SET utf8mb4 COLLATE utf8mb4_0900_ai_ci DEFAULT NULL
) ENGINE=InnoDB DEFAULT CHARSET=utf8mb4 COLLATE=utf8mb4_unicode_ci;

-- --------------------------------------------------------

--
-- Table structure for table `status_foto`
--

CREATE TABLE `status_foto` (
  `id_status_foto` int(11) NOT NULL,
  `status_foto` varchar(30) CHARACTER SET utf8mb4 COLLATE utf8mb4_0900_ai_ci NOT NULL
) ENGINE=InnoDB DEFAULT CHARSET=utf8mb4 COLLATE=utf8mb4_unicode_ci;

--
-- Dumping data for table `status_foto`
--

INSERT INTO `status_foto` (`id_status_foto`, `status_foto`) VALUES
(0, 'Tidak Disetujui'),
(1, 'Disetujui');

-- --------------------------------------------------------

--
-- Table structure for table `status_segmen`
--

CREATE TABLE `status_segmen` (
  `id_status` tinyint(4) NOT NULL,
  `nama_status` varchar(30) CHARACTER SET utf8mb4 COLLATE utf8mb4_0900_ai_ci NOT NULL
) ENGINE=InnoDB DEFAULT CHARSET=utf8mb4 COLLATE=utf8mb4_unicode_ci;

--
-- Dumping data for table `status_segmen`
--

INSERT INTO `status_segmen` (`id_status`, `nama_status`) VALUES
(0, 'Tidak Aktif'),
(1, 'Aktif'),
(2, 'Diganti');

-- --------------------------------------------------------

--
-- Table structure for table `strata`
--

CREATE TABLE `strata` (
  `id_strata` varchar(2) CHARACTER SET utf8mb4 COLLATE utf8mb4_0900_ai_ci NOT NULL,
  `nama_strata` varchar(30) CHARACTER SET utf8mb4 COLLATE utf8mb4_0900_ai_ci NOT NULL
) ENGINE=InnoDB DEFAULT CHARSET=utf8mb4 COLLATE=utf8mb4_unicode_ci ROW_FORMAT=COMPACT;

--
-- Dumping data for table `strata`
--

INSERT INTO `strata` (`id_strata`, `nama_strata`) VALUES
('S0', 'Bukan Sawah'),
('S1', 'Sawah Irigasi'),
('S2', 'Sawah Bukan Irigasi'),
('S3', 'Tegalan');

-- --------------------------------------------------------

--
-- Table structure for table `subsegmen`
--

CREATE TABLE `subsegmen` (
  `id_segmen` varchar(13) CHARACTER SET utf8mb4 COLLATE utf8mb4_0900_ai_ci NOT NULL,
  `id_subsegmen` varchar(15) CHARACTER SET utf8mb4 COLLATE utf8mb4_0900_ai_ci NOT NULL,
  `long_min` varchar(30) CHARACTER SET utf8mb4 COLLATE utf8mb4_0900_ai_ci NOT NULL,
  `long_max` varchar(30) CHARACTER SET utf8mb4 COLLATE utf8mb4_0900_ai_ci NOT NULL,
  `lat_min` varchar(30) CHARACTER SET utf8mb4 COLLATE utf8mb4_0900_ai_ci NOT NULL,
  `lat_max` varchar(30) CHARACTER SET utf8mb4 COLLATE utf8mb4_0900_ai_ci NOT NULL,
  `long_titik_amat` varchar(30) CHARACTER SET utf8mb4 COLLATE utf8mb4_0900_ai_ci NOT NULL,
  `lat_titik_amat` varchar(30) CHARACTER SET utf8mb4 COLLATE utf8mb4_0900_ai_ci NOT NULL,
  `id_status` tinyint(4) NOT NULL,
  `waktu_amat` timestamp NOT NULL ON UPDATE CURRENT_TIMESTAMP,
  `id_fase` int(11) NOT NULL,
  `no_hp_petani` varchar(30) CHARACTER SET utf8mb4 COLLATE utf8mb4_0900_ai_ci DEFAULT NULL,
  `nama_petani` varchar(30) CHARACTER SET utf8mb4 COLLATE utf8mb4_0900_ai_ci DEFAULT NULL,
  `tgl_panen` datetime DEFAULT NULL
) ENGINE=InnoDB DEFAULT CHARSET=utf8mb4 COLLATE=utf8mb4_unicode_ci;

-- --------------------------------------------------------

--
-- Table structure for table `tim`
--

CREATE TABLE `tim` (
  `id_tim` varchar(4) CHARACTER SET utf8mb4 COLLATE utf8mb4_0900_ai_ci NOT NULL,
  `nama_tim` varchar(30) CHARACTER SET utf8mb4 COLLATE utf8mb4_0900_ai_ci NOT NULL,
  `nim_koor` varchar(8) CHARACTER SET utf8mb4 COLLATE utf8mb4_0900_ai_ci DEFAULT NULL
) ENGINE=InnoDB DEFAULT CHARSET=utf8mb4 COLLATE=utf8mb4_unicode_ci;

-- --------------------------------------------------------

--
-- Table structure for table `user`
--

CREATE TABLE `user` (
  `nim` varchar(8) CHARACTER SET utf8mb4 COLLATE utf8mb4_0900_ai_ci NOT NULL,
  `password` varchar(60) CHARACTER SET utf8mb4 COLLATE utf8mb4_0900_ai_ci DEFAULT NULL,
  `nama` varchar(50) CHARACTER SET utf8mb4 COLLATE utf8mb4_0900_ai_ci NOT NULL,
  `prodi` varchar(5) CHARACTER SET utf8mb4 COLLATE utf8mb4_0900_ai_ci NOT NULL,
  `kelas` varchar(6) CHARACTER SET utf8mb4 COLLATE utf8mb4_0900_ai_ci NOT NULL,
  `id_tim` varchar(4) CHARACTER SET utf8mb4 COLLATE utf8mb4_0900_ai_ci DEFAULT NULL,
  `id_otoritas` int(11) DEFAULT NULL,
  `email` varchar(50) CHARACTER SET utf8mb4 COLLATE utf8mb4_0900_ai_ci NOT NULL,
  `last_login` timestamp NULL DEFAULT NULL ON UPDATE CURRENT_TIMESTAMP,
  `jumlah_pesan` int(11) DEFAULT NULL
) ENGINE=InnoDB DEFAULT CHARSET=utf8mb4 COLLATE=utf8mb4_unicode_ci;

--
-- Dumping data for table `user`
--

INSERT INTO `user` (`nim`, `password`, `nama`, `prodi`, `kelas`, `id_tim`, `id_otoritas`, `email`, `last_login`, `jumlah_pesan`) VALUES
('15.8518', NULL, 'ANTON RAHMANSYAH SUMADI', 'D IV', '3 KS 3', NULL, NULL, 'cartjonye@gmail.com', NULL, NULL),
('15.8639', NULL, 'GUNAWAN ZULFI', 'D IV', '3 SE 1', NULL, NULL, 'gunawanzulfi@gmail.com', NULL, NULL),
('15.8648', NULL, 'HERMAN CRISTHOPER SILABAN', 'D IV', '3 SE 2', NULL, NULL, 'herman.skaphobia26@gmail.com', NULL, NULL),
('15.8649', NULL, 'HERYAN ANGGARA PRATAMA', 'D IV', '3 SK 1', NULL, NULL, 'heryantempee@gmail.com', NULL, NULL),
('15.8697', NULL, 'KRISNA DWI AGUNG WIJAYA', 'D IV', '3 SK 2', NULL, NULL, 'krisnawijaya011@gmail.com', NULL, NULL),
('15.8908', NULL, 'TJ. PERTIWI', 'D IV', '3 SE 1', NULL, NULL, 'tjpertiwi1203@gmail.com', NULL, NULL),
('15.8947', NULL, 'YOLIAN MUNAYIF HIBATULLAH', 'D IV', '3 KS 2', NULL, NULL, 'hibatyolian@gmail.com', NULL, NULL),
('15.8948', NULL, 'YONATAN OKTAVIAN DENDO', 'D IV', '3 SE 3', NULL, NULL, 'oktaviandendo@gmail.com', NULL, NULL),
('16.8960', NULL, 'AAN ANDRIATNO', 'D IV', '3 SK 3', NULL, NULL, 'aan.andriatno@gmail.com', NULL, NULL),
('16.8961', NULL, 'ABDUL AZIS MARUF', 'D IV', '3 SE 4', NULL, NULL, 'zamrudsaji@gmail.com', NULL, NULL),
('16.8962', NULL, 'ABDUL HARIS RIZALDY', 'D IV', '3 SE 5', NULL, NULL, 'haris.rizaldy@gmail.com', NULL, NULL),
('16.8963', NULL, 'ADALARD YUSUF KAMARASTHA', 'D IV', '3 KS 3', NULL, NULL, 'kamarastha@gmail.com', NULL, NULL),
('16.8964', NULL, 'ADHI CANDRA MAULANA', 'D IV', '3 KS 2', NULL, NULL, 'nyamuk.dhi@gmail.com', NULL, NULL),
('16.8965', NULL, 'ADITYA FAIZAL ARIFIN', 'D IV', '3 SE 1', NULL, NULL, 'Adityaippin@gmail.com', NULL, NULL),
('16.8966', NULL, 'ADITYA HANAFI', 'D IV', '3 SK 4', NULL, NULL, 'Tnwignadityahanafi@gmail.com', NULL, NULL),
('16.8967', NULL, 'ADITYA MIRZA FIRMANDA', 'D IV', '3 SK 5', NULL, NULL, 'aditya.01.a3@gmail.com', NULL, NULL),
('16.8968', NULL, 'ADJI HASFIAR', 'D IV', '3 SK 1', NULL, NULL, 'hasfiar7@gmail.com', NULL, NULL),
('16.8969', NULL, 'AFIFAH SYABANIAH SANUBARI LANGKAU', 'D III', '3 D3 2', NULL, NULL, 'alangkau73@gmail.com', NULL, NULL),
('16.8970', NULL, 'AFIFATUZ ZAHRA', 'D IV', '3 SK 4', NULL, NULL, 'afifatuzzahra736@gmail.com', NULL, NULL),
('16.8971', NULL, 'AFIQI ILMAN PASHA', 'D IV', '3 SK 2', NULL, NULL, 'afiqiilmanpasha@gmail.com', NULL, NULL),
('16.8972', NULL, 'AGUNG YUNIARTA SOSIAWAN', 'D IV', '3 KS 2', NULL, NULL, 'agungyuni@gmail.com', NULL, NULL),
('16.8973', NULL, 'AGUSTINE HELENA TAMO INA', 'D III', '3 D3 2', NULL, NULL, '16.8973@stis.ac.id', NULL, NULL),
('16.8974', NULL, 'AHMAD ATTAROQQI', 'D IV', '3 KS 2', NULL, NULL, 'Arma00tachi@gmail.com', NULL, NULL),
('16.8975', NULL, 'AHMAD AZHAR ZA', 'D IV', '3 KS 1', NULL, NULL, 'ahmadazhar443@gmail.com', NULL, NULL),
('16.8977', NULL, 'AHMAD IRFANSYAH', 'D IV', '3 KS 3', NULL, NULL, 'irfansyahahmad26@gmail.com', NULL, NULL),
('16.8978', NULL, 'AHMAD RIZAL HADI S', 'D IV', '3 SK 4', NULL, NULL, 'ariz.krend@gmail.com', NULL, NULL),
('16.8979', NULL, 'AHMAD SYAHID IBNU SYARIF', 'D IV', '3 KS 1', NULL, NULL, 'syahid.ibnu77@gmail.com', NULL, NULL),
('16.8980', NULL, 'AHMAT CHADHIKUN NUHA', 'D IV', '3 SK 5', NULL, NULL, 'chadhik86@gmail.com', NULL, NULL),
('16.8981', NULL, 'AINUL ZITA FARRAH FAUZIA', 'D IV', '3 SK 5', NULL, NULL, 'ainultha@gmail.com', NULL, NULL),
('16.8982', NULL, 'AINUN SALSABIILAA DARMACARE', 'D IV', '3 SK 1', NULL, NULL, 'asdarmacare@gmail.com', NULL, NULL),
('16.8983', NULL, 'AINUR ROSYIDAH', 'D IV', '3 SK 2', NULL, NULL, 'arosyi1998@gmail.com', NULL, NULL),
('16.8984', NULL, 'AISYAH KHOIRUNNISA', 'D IV', '3 SK 3', NULL, NULL, 'aisy98.khoirunnisa@gmail.com', NULL, NULL),
('16.8985', NULL, 'AKBAR MUBARAK AMIN', 'D III', '3 D3 3', NULL, NULL, 'akbarmamin@gmail.com', NULL, NULL),
('16.8986', NULL, 'AKFARIANTI NAWANGSIH NUGRAHENI', 'D IV', '3 SE 1', NULL, NULL, 'akfarianti@gmail.com', NULL, NULL),
('16.8987', NULL, 'ALDO DEWANDA WIJAYA', 'D IV', '3 KS 2', NULL, NULL, 'aldodewandawijaya98@gmail.com', NULL, NULL),
('16.8988', NULL, 'ALDO LEOFIRO IRFIANSYAH', 'D IV', '3 KS 1', NULL, NULL, 'aldo.leofiro@gmail.com', NULL, NULL),
('16.8989', NULL, 'ALFIAH MASYITOH', 'D IV', '3 SE 2', NULL, NULL, 'alfiahmasyitoh@gmail.com', NULL, NULL),
('16.8990', NULL, 'ALFIAN KHUSNUL AMAR', 'D IV', '3 KS 3', NULL, NULL, 'alfiankhusnul@gmail.com', NULL, NULL),
('16.8991', NULL, 'ALFINA RISMAWATI DEWI', 'D IV', '3 SE 3', NULL, NULL, 'alfinard@gmail.com', NULL, NULL),
('16.8992', NULL, 'ALGUPA KHARISMA TAZAR', 'D IV', '3 SK 1', NULL, NULL, 'algupakharisma@gmail.com', NULL, NULL),
('16.8993', NULL, 'ALHA AHMADA BELASAE', 'D IV', '3 KS 1', NULL, NULL, 'alhahmada54@gmail.com', NULL, NULL),
('16.8994', NULL, 'ALIF ANDIKA PUTRA', 'D IV', '3 KS 1', NULL, NULL, 'imetsa215@gmail.com', NULL, NULL),
('16.8995', NULL, 'ALIM GHIFRAN NURDIANSYAH', 'D IV', '3 SE 2', NULL, NULL, 'nurdiansyahalim@gmail.com', NULL, NULL),
('16.8996', NULL, 'ALPHIN PRATAMA HUSADA', 'D IV', '3 SE 3', NULL, NULL, 'pratamaalpin@gmail.com', NULL, NULL),
('16.8997', NULL, 'ALRIANI MARTHALIA LIKA KAPUTING', 'D III', '3 D3 3', NULL, NULL, '-', NULL, NULL),
('16.8998', NULL, 'ALVIAN DWI ERLANGGA', 'D IV', '3 SE 4', NULL, NULL, 'alienvi27@gmail.com', NULL, NULL),
('16.8999', NULL, 'ALVIAN FERRANDY', 'D IV', '3 SE 5', NULL, NULL, 'AlvianF90@gmail.com', NULL, NULL),
('16.9000', NULL, 'ALYESTI N KAMBALU', 'D III', '3 D3 3', NULL, NULL, '16.9000@stis.ac.id', NULL, NULL),
('16.9001', NULL, 'AMALIA DYAH RISTASARI', 'D IV', '3 SK 4', NULL, NULL, 'Amalia.dyahr@gmail.com', NULL, NULL),
('16.9002', NULL, 'AMIRAH BALQIS SAFIRUDDIN', 'D IV', '3 SK 5', NULL, NULL, 'Mrhbalqis@gmail.com', NULL, NULL),
('16.9003', NULL, 'AMOY YAN SARI', 'D III', '3 D3 3', NULL, NULL, 'amoyyansarii68@gmail.com', NULL, NULL),
('16.9004', NULL, 'ANAK AGUNG GEDE ARI RAMA NUGRAHA', 'D IV', '3 SE 1', NULL, NULL, 'arigung12@gmail.com', NULL, NULL),
('16.9005', NULL, 'ANANDIKA DIAN PRAMESTI', 'D IV', '3 KS 1', NULL, NULL, 'anandika19@gmail.com', NULL, NULL),
('16.9006', NULL, 'ANDI LUSIANINGSIH', 'D IV', '3 SE 4', NULL, NULL, 'andilusi031@gmail.com', NULL, NULL),
('16.9007', NULL, 'ANDRE HARRY N. ZEGA', 'D IV', '3 SE 2', NULL, NULL, 'onoderakosaki100@gmail.com', NULL, NULL),
('16.9008', NULL, 'ANGGI SEPTIAWAN', 'D IV', '3 SK 2', NULL, NULL, 'stis.58.16.9008@gmail.com', NULL, NULL),
('16.9009', NULL, 'ANGGUN PRATIWI SARAGIH', 'D IV', '3 SE 5', NULL, NULL, 'Aggunpra@gmail.com', NULL, NULL),
('16.9010', NULL, 'ANGRAINI MUTIARA BAWA', 'D III', '3 D3 1', NULL, NULL, 'angrainibawa@gmail.com', NULL, NULL),
('16.9011', NULL, 'ANIKA BASA MELDION SIMAMORA', 'D IV', '3 KS 3', NULL, NULL, 'anika157@ymail.com', NULL, NULL),
('16.9012', NULL, 'ANINDITYA YUNIAR', 'D IV', '3 SE 1', NULL, NULL, 'tyayuniar11@gmail.com', NULL, NULL),
('16.9013', NULL, 'ANINDYA DESHINTA DILA', 'D IV', '3 SE 2', NULL, NULL, 'adeshintadila@gmail.com', NULL, NULL),
('16.9014', NULL, 'ANISA DWI MAULIDA', 'D IV', '3 SK 1', NULL, NULL, 'anisadwimaulida@gmail.com', NULL, NULL),
('16.9015', NULL, 'ANISA SEKARWATI', 'D III', '3 D3 1', NULL, NULL, 'anisasekarwati14@gmail.com', NULL, NULL),
('16.9016', NULL, 'ANISYA PUTRI WIRAHMA', 'D IV', '3 SK 2', NULL, NULL, 'anisyapw98@gmail.com', NULL, NULL),
('16.9017', NULL, 'ANTONIUS ANDRI GEONG', 'D IV', '3 SE 3', NULL, NULL, 'geong.andri@gmail.com', NULL, NULL),
('16.9018', NULL, 'APRILIA KARTIKA CANDRA', 'D IV', '3 SE 3', NULL, NULL, 'apriliakc98@gmail.com', NULL, NULL),
('16.9019', NULL, 'ARDANA YOGO HUSODO', 'D IV', '3 SK 3', NULL, NULL, 'ardanayogo135@gmail.com', NULL, NULL),
('16.9020', NULL, 'ARDI MUHARRAM GUNARDI', 'D IV', '3 SE 4', NULL, NULL, 'ardhimuharramg@gmail.com', NULL, NULL),
('16.9021', NULL, 'ARDIAN SATRIO UTOMO', 'D IV', '3 KS 1', NULL, NULL, 'ardiansatrio23@gmail.com', NULL, NULL),
('16.9022', NULL, 'ARFIAN ADE N', 'D IV', '3 SE 5', NULL, NULL, 'arfiannugroho45@gmail.com', NULL, NULL),
('16.9023', NULL, 'ARI RISMANSYAH', 'D IV', '3 KS 1', NULL, NULL, 'rismansyah.ari48@gmail.com', NULL, NULL),
('16.9024', NULL, 'ARIEL PANIGORI SINAGA', 'D IV', '3 KS 2', NULL, NULL, 'arielpanigori@gmail.com', NULL, NULL),
('16.9025', NULL, 'ARIF RAHMAN HAKIM', 'D IV', '3 KS 2', NULL, NULL, 'New.ArifRH199@Gmail.com', NULL, NULL),
('16.9026', NULL, 'ARISMANSYAH', 'D III', '3 D3 1', NULL, NULL, '16.9026@stis.ac.id', NULL, NULL),
('16.9027', NULL, 'ARY VEBRYAN', 'D IV', '3 SK 4', NULL, NULL, 'Ary.vebryan99@gmail.com', NULL, NULL),
('16.9028', NULL, 'ARYA DAMAR PRAKASA', 'D IV', '3 SE 1', NULL, NULL, 'aryadamarprakasa@gmail.com', NULL, NULL),
('16.9029', NULL, 'ARYA WAHYU NUGROHO', 'D IV', '3 SE 2', NULL, NULL, 'aryawahyu2022@gmail.com', NULL, NULL),
('16.9031', NULL, 'ASMA RAHMANI NURFAIDAH', 'D IV', '3 SK 3', NULL, NULL, 'asmarahmani98@gmail.com', NULL, NULL),
('16.9032', NULL, 'ASRIYANTI ABUBAKAR', 'D III', '3 D3 2', NULL, NULL, 'asryntii27@gmail.com', NULL, NULL),
('16.9033', NULL, 'ATHIKA AULIA R.Y', 'D III', '3 D3 2', NULL, NULL, 'Aauliary@gmail.com', NULL, NULL),
('16.9034', NULL, 'AULIA FATIN AFIFAH', 'D IV', '3 SK 4', NULL, NULL, 'auspiciousaulia@gmail.com', NULL, NULL),
('16.9035', NULL, 'AULIA FIKRI FADHILAH ISKANDAR', 'D IV', '3 SK 5', NULL, NULL, 'a.f.fadhilah.iskandar@gmail.com', NULL, NULL),
('16.9036', NULL, 'AULIA MAGHFIRA', 'D IV', '3 KS 1', NULL, NULL, 'maghfira1197@gmail.com', NULL, NULL),
('16.9037', NULL, 'AULIA MAHATMA DIAS PUTRI', 'D IV', '3 SK 1', NULL, NULL, 'auliamdp@gmail.com', NULL, NULL),
('16.9038', NULL, 'AYU RASYDTA PUSPA LESTARI', 'D IV', '3 SE 4', NULL, NULL, 'ayu.rasydta21@gmail.com', NULL, NULL),
('16.9039', NULL, 'AYU SUSILAWATI', 'D IV', '3 SE 5', NULL, NULL, 'ayususi2404@gmail.com', NULL, NULL),
('16.9040', NULL, 'AYU WULANDARI', 'D III', '3 D3 1', NULL, NULL, 'ayuwd1999@gmail.com', NULL, NULL),
('16.9041', NULL, 'AYUFI REYZA ZAKARIA', 'D IV', '3 SE 3', NULL, NULL, 'ayufireyza@gmail.com', NULL, NULL),
('16.9043', NULL, 'BAGUS SETIAWAN', 'D IV', '3 SE 4', NULL, NULL, 'setiawan.bagus 2323@gmail.com', NULL, NULL),
('16.9044', NULL, 'BAIQ LIANA ROHADATUL AISY', 'D IV', '3 SE 1', NULL, NULL, '169.044@stis.ac.id', NULL, NULL),
('16.9045', NULL, 'BANNATIS SA\'DAH', 'D III', '3 D3 3', NULL, NULL, 'anna.bannatis1997@gmail.com', NULL, NULL),
('16.9046', NULL, 'BAYU NIRWANA MAKASUCI', 'D IV', '3 KS 2', NULL, NULL, 'nirwanabayu35@gmail.com', NULL, NULL),
('16.9047', NULL, 'BIMANANDA WIDIALISTIYANTO', 'D IV', '3 SE 5', NULL, NULL, 'bimaw2@gmail.com', NULL, NULL),
('16.9048', NULL, 'BUDHI FATANZA WIRATAMA', 'D IV', '3 SE 1', NULL, NULL, 'fatanza07@gmail.com', NULL, NULL),
('16.9049', NULL, 'CANDRA DIAN PURNAWANTO', 'D IV', '3 KS 2', NULL, NULL, 'sevbima007@gmail.com', NULL, NULL),
('16.9050', NULL, 'CENDIKIA RAHMAN M', 'D IV', '3 KS 2', NULL, NULL, 'dagimaji@gmail.com', NULL, NULL),
('16.9051', NULL, 'CHARVIA ISMI ZAHRANI', 'D IV', '3 SK 2', NULL, NULL, 'charviazahrani@gmail.com', NULL, NULL),
('16.9052', NULL, 'CHETRYN R. ARITONANG', 'D IV', '3 SK 3', NULL, NULL, 'chetrynaritonang98@gmail.com', NULL, NULL),
('16.9053', NULL, 'CHOLIFA FITRI ANNISA', 'D IV', '3 KS 1', NULL, NULL, 'cholifa58@gmail.com', NULL, NULL),
('16.9054', NULL, 'CHRISTENSENIA ROOSWITHA JULIA WATTIMENA', 'D III', '3 D3 3', NULL, NULL, '16.9054@stis.ac.id', NULL, NULL),
('16.9055', NULL, 'CINDIRA OKTARI RANGKUTI', 'D IV', '3 SK 4', NULL, NULL, 'cindiraoctari9@gmail.com', NULL, NULL),
('16.9056', NULL, 'CINDY BTARI', 'D IV', '3 SE 2', NULL, NULL, 'cb6198@icloud.com', NULL, NULL),
('16.9057', NULL, 'CLEMENTINE MURSITADEWI RIANTOBY', 'D III', '3 D3 1', NULL, NULL, 'sitariantoby7976@gmail.com', NULL, NULL),
('16.9058', NULL, 'CORNELIA CHRISTINA TEMU', 'D III', '3 D3 2', NULL, NULL, 'corneliachrstn@gmail.com', NULL, NULL),
('16.9059', NULL, 'CORSENSIA TAKERUBUN', 'D IV', '3 SK 5', NULL, NULL, 'corsensia@bps.go.id', NULL, NULL),
('16.9060', NULL, 'CRISTIA MONICA', 'D IV', '3 SK 1', NULL, NULL, 'cristiamonica98@gmail.com', NULL, NULL),
('16.9061', NULL, 'CHRYSTIANA LYDIA ZIO TAPO', 'D III', '3 D3 1', NULL, NULL, 'chrystintapo@gamil.com', NULL, NULL),
('16.9062', NULL, 'CYNTHIA DWI SETYARINI', 'D IV', '3 SE 3', NULL, NULL, 'thiacyn55@gmail.com', NULL, NULL),
('16.9063', NULL, 'D.AGUNG SUNGKONO', 'D IV', '3 KS 3', NULL, NULL, 'amb.d.agung@gmail.com', NULL, NULL),
('16.9064', NULL, 'DANTY WELMIN YOSHIDA FATIMA', 'D IV', '3 SK 2', NULL, NULL, 'danty.martha@gmail.com', NULL, NULL),
('16.9065', NULL, 'DAVIN GIOVANNI BATARA FRANCISCO NAINGGOLAN', 'D IV', '3 SE 2', NULL, NULL, 'sylstalin@gmail.com', NULL, NULL),
('16.9066', NULL, 'DAYANTI KHARISMA NUR AMALIA', 'D IV', '3 KS 2', NULL, NULL, 'Dayanti.kharisma@gmail.com', NULL, NULL),
('16.9067', NULL, 'DEFI ASTUTI ANGGRAENI', 'D IV', '3 SE 4', NULL, NULL, 'defianggraeni3@gmail.com', NULL, NULL),
('16.9068', NULL, 'DELISA NUR IZMAH AZIS', 'D IV', '3 SE 5', NULL, NULL, 'izmahdelisa@gmail.com', NULL, NULL),
('16.9069', NULL, 'DESIYANTI YUSUF', 'D IV', '3 SK 3', NULL, NULL, 'desiyantiy@gmail.com', NULL, NULL),
('16.9070', NULL, 'DESY TRI PURYANI', 'D IV', '3 SE 1', NULL, NULL, 'desytri27@gmail.com', NULL, NULL),
('16.9071', NULL, 'DEVIANA PURNAMASARI', 'D IV', '3 SK 4', NULL, NULL, 'purnamasarideviana@gmail.com', NULL, NULL),
('16.9072', NULL, 'DEVICA INTAN SETYORINI', 'D IV', '3 SE 2', NULL, NULL, 'devicaintan.supergirls@gmail.com', NULL, NULL),
('16.9073', NULL, 'DEWI HERJAYANTI', 'D IV', '3 SE 3', NULL, NULL, '234dewih@gmail.com', NULL, NULL),
('16.9074', NULL, 'DEWI RAHMADHANI', 'D III', '3 D3 2', NULL, NULL, 'dewyyrahmadhanyy@gmail.com', NULL, NULL),
('16.9075', NULL, 'DEWI SINTIA S. BOTUTIHE', 'D III', '3 D3 3', NULL, NULL, '16.9075@stis.ac.id', NULL, NULL),
('16.9076', NULL, 'DEWI WIDYAWATI', 'D IV', '3 SE 4', NULL, NULL, '-', NULL, NULL),
('16.9077', NULL, 'DIAH AFRAH LIANY RUMODAR', 'D III', '3 D3 2', NULL, NULL, 'diahafrah91@gmail.com', NULL, NULL),
('16.9078', NULL, 'DIAH RUKMANA SARI', 'D IV', '3 SE 5', NULL, NULL, 'diahrukmana77@gmail.com', NULL, NULL),
('16.9079', NULL, 'DIAN RIZQI KHUSNUL KHOTIMAH', 'D IV', '3 KS 2', NULL, NULL, 'dianrizkyh8@gmail.com', NULL, NULL),
('16.9080', NULL, 'DIDAKUS KANIO TUBANI', 'D III', '3 D3 2', NULL, NULL, 'doddietubani@gmail.com', NULL, NULL),
('16.9081', NULL, 'DIMAS MALADZI WIBAWA', 'D IV', '3 SE 3', NULL, NULL, 'dimasmaladzi@gmail.com', NULL, NULL),
('16.9082', NULL, 'DIMAS NUR RAMADHANI', 'D IV', '3 SE 4', NULL, NULL, 'dimas.nr@gmail.com', NULL, NULL),
('16.9083', NULL, 'DIMAS SETIA PAMBUDI', 'D IV', '3 KS 3', NULL, NULL, 'www.dimasetia.com@gmail.com', NULL, NULL),
('16.9084', NULL, 'DIMAS SURYAWAN PUTRA', 'D IV', '3 SK 5', NULL, NULL, 'antoniosamid10@gmail.com', NULL, NULL),
('16.9085', NULL, 'DITA KURNIASARI', 'D IV', '3 SE 1', NULL, NULL, 'ditakuri@gmail.com', NULL, NULL),
('16.9086', NULL, 'DIVA AMADEA', 'D IV', '3 SE 2', NULL, NULL, 'amadeadiva@yahoo.com', NULL, NULL),
('16.9087', NULL, 'DORA FEBRIANA NAPITUPULU', 'D IV', '3 SK 5', NULL, NULL, 'dorafebriana@gmail.com', NULL, NULL),
('16.9088', NULL, 'DORIS ZAKWAN EFWADIRA', 'D IV', '3 SE 5', NULL, NULL, 'efwadiradoris@gmail.com', NULL, NULL),
('16.9089', NULL, 'DWI ANGGRAINI', 'D IV', '3 SE 3', NULL, NULL, 'Dwianggraini30.DA@gmail.com', NULL, NULL),
('16.9090', NULL, 'DWI ARDIAN', 'D IV', '3 SK 1', NULL, NULL, 'dwiardian48@gmail.com', NULL, NULL),
('16.9091', NULL, 'DWI AYU SETYANINGRUM', 'D IV', '3 SK 1', NULL, NULL, 'dwiayu148.da@gmail.com', NULL, NULL),
('16.9092', NULL, 'DWI ELLY NOVIANI', 'D IV', '3 SK 2', NULL, NULL, 'dwiellyn@gmail.com', NULL, NULL),
('16.9093', NULL, 'DWI INTAN SAFRINA', 'D IV', '3 SE 4', NULL, NULL, 'dwisafrina@gmail.com', NULL, NULL),
('16.9094', NULL, 'DWI RAHARJO', 'D IV', '3 SE 1', NULL, NULL, 'Dwiraharjo25@yahoo.com', NULL, NULL),
('16.9095', NULL, 'DWI SATRIA FIRMANSYAH', 'D IV', '3 SE 2', NULL, NULL, 'dwisatriafirmansyah@gmail.com', NULL, NULL),
('16.9096', NULL, 'DYAH MAKUTANING DEWI', 'D IV', '3 SE 5', NULL, NULL, 'dyahfriendly@gmail.com', NULL, NULL),
('16.9097', NULL, 'DYAH NUR ISNAINI', 'D IV', '3 SE 1', NULL, NULL, 'dyahnisnaini26@gmail.com', NULL, NULL),
('16.9098', NULL, 'DYNTA MASYITA ADIASA', 'D IV', '3 KS 3', NULL, NULL, 'dyntaadiasa21@gmail.com', NULL, NULL),
('16.9099', NULL, 'EKA AULIA LIUSTA', 'D IV', '3 SE 2', NULL, NULL, 'eka.aulia98@gmail.com', NULL, NULL),
('16.9100', NULL, 'EKA MAJIDA AGUSTYANI', 'D IV', '3 KS 1', NULL, NULL, 'ekamajida@gmail.com', NULL, NULL),
('16.9101', NULL, 'ELIZA TIARA DEVI', 'D IV', '3 SK 3', NULL, NULL, 'elizatiaradevi@gmail.com', NULL, NULL),
('16.9102', NULL, 'ELVINA CANDRA URBANINGRUM', 'D IV', '3 SK 4', NULL, NULL, 'Elvicarum0924@gmail.com', NULL, NULL),
('16.9103', NULL, 'EMUTYA AMALIA QURANI', 'D IV', '3 SK 5', NULL, NULL, 'emutyaqurani@gmail.com', NULL, NULL),
('16.9104', NULL, 'EPAN MAREZA PRIMAHENDRA', 'D IV', '3 KS 1', NULL, NULL, 'epanmareza07@gmail.com', NULL, NULL),
('16.9105', NULL, 'ERICA INDRYANI', 'D IV', '3 SE 3', NULL, NULL, 'ericaindryani@gmail.com', NULL, NULL),
('16.9106', NULL, 'ERVISKA DWI PRATIWI', 'D IV', '3 SE 4', NULL, NULL, 'erviskadwip16@gmail.com', NULL, NULL),
('16.9107', NULL, 'EVITA DYAH WARDHANI', 'D IV', '3 SE 5', NULL, NULL, 'evitadyahw@gmail.com', NULL, NULL),
('16.9108', NULL, 'EXCELLENTA YUSNINDA KUMORO', 'D IV', '3 SK 1', NULL, NULL, 'excellenta.yusninda@gmail.com', NULL, NULL),
('16.9109', NULL, 'FACHRI IZZUDIN LAZUARDI', 'D IV', '3 KS 3', NULL, NULL, 'izzudin609@gmail.com', NULL, NULL),
('16.9110', NULL, 'FACHRUNISA AZZIZA', 'D IV', '3 KS 3', NULL, NULL, 'fachrunisaazziza22@gmail.com', NULL, NULL),
('16.9111', NULL, 'FADHLIKA ANGGIT SANTOSO PUTRO', 'D IV', '3 KS 1', NULL, NULL, 'fadhlikanggit@gmail.com', NULL, NULL),
('16.9112', NULL, 'FADHLURROHMAN HENRIWAN', 'D IV', '3 SK 2', NULL, NULL, 'arulhenriwan@gmail.com', NULL, NULL),
('16.9113', NULL, 'FAHMI YUSUF ADIWIJOYO', 'D IV', '3 SE 3', NULL, NULL, 'fahmiyusufa@gmail.com', NULL, NULL),
('16.9114', NULL, 'FAHRULRAZ M. FARUK', 'D III', '3 D3 3', NULL, NULL, 'raz909079@gmail.com', NULL, NULL),
('16.9115', NULL, 'FAILASOFA AMALIA', 'D IV', '3 SK 2', NULL, NULL, 'failasofaamalia@gmail.com', NULL, NULL),
('16.9116', NULL, 'FA\'IS DWI FALA', 'D IV', '3 SE 4', NULL, NULL, 'dwifala@gmail.com', NULL, NULL),
('16.9117', NULL, 'FAISHAL ABDURRAZZAQ', 'D IV', '3 SE 5', NULL, NULL, 'abdurrazzaqf@gmail.com', NULL, NULL),
('16.9118', NULL, 'FAJAR FATHUR RACHMAN', 'D IV', '3 SK 3', NULL, NULL, 'fajarasli2@yahoo.com', NULL, NULL),
('16.9119', NULL, 'FAJARI RAMADHAN', 'D IV', '3 SE 1', NULL, NULL, 'fajari31ramadhan@gmail.com', NULL, NULL),
('16.9120', NULL, 'FAKHRI HAFIDZUL AZHAR', 'D IV', '3 SE 2', NULL, NULL, 'fakhrihaa@gmail.com', NULL, NULL),
('16.9121', NULL, 'FARAKH KHOIROTUN NASIDA', 'D IV', '3 SK 3', NULL, NULL, 'farakhnasida@gmail.com', NULL, NULL),
('16.9122', NULL, 'FARHAN', 'D IV', '3 SK 4', NULL, NULL, 'Seanfarhan10@gmail.com', NULL, NULL),
('16.9123', NULL, 'FARHAN ABDURRAHMAN MUSA', 'D IV', '3 KS 3', NULL, NULL, 'famusa98@gmail.com', NULL, NULL),
('16.9124', NULL, 'FARHAN ANSHARI ARSYI', 'D IV', '3 KS 1', NULL, NULL, 'Farhanarsyi@gmail.com', NULL, NULL),
('16.9125', NULL, 'FARIZ HAMZAH FANSHURI', 'D IV', '3 SE 3', NULL, NULL, 'farizfanshuri12@gmail.com', NULL, NULL),
('16.9126', NULL, 'FARRAS ALI RASYID', 'D IV', '3 SE 4', NULL, NULL, 'farrasalirasyid@gmail.com', NULL, NULL),
('16.9127', NULL, 'FATIMA FAJAR YULIASRI', 'D IV', '3 SE 1', NULL, NULL, 'fatimafajary@gmail.com', NULL, NULL),
('16.9128', NULL, 'FATONAH AMINI', 'D IV', '3 SK 4', NULL, NULL, 'Fatonahamini@gmail.com', NULL, NULL),
('16.9129', NULL, 'FEBBY ADRIAN', 'D IV', '3 SK 5', NULL, NULL, 'Adrian.febby37@gmail.com', NULL, NULL),
('16.9130', NULL, 'FEBIANA DAHLIA ANJANI', 'D IV', '3 KS 1', NULL, NULL, 'febianadahliaa@gmail.com', NULL, NULL),
('16.9131', NULL, 'FEBRIANA', 'D IV', '3 SK 5', NULL, NULL, 'anafebriana1102@gmail.com', NULL, NULL),
('16.9132', NULL, 'FEBRIANTO NAINGGOLAN', 'D IV', '3 SK 1', NULL, NULL, 'nainggolanfebrianto@gmail.com', NULL, NULL),
('16.9133', NULL, 'FELIA TIFANI CORNELIA KLAU', 'D III', '3 D3 3', NULL, NULL, 'lia.klau.lk@gmail.com', NULL, NULL),
('16.9134', NULL, 'FELLA ULANDARI', 'D IV', '3 KS 1', NULL, NULL, 'ulandari.fella@gmail.com', NULL, NULL),
('16.9135', NULL, 'FENNY AFIFATUL AWWALIYAH', 'D IV', '3 SK 1', NULL, NULL, '16.9135@stis.ac.id', NULL, NULL),
('16.9136', NULL, 'FENNY DWI RAHMASARI', 'D IV', '3 SK 2', NULL, NULL, 'fennynafa@yahoo.com', NULL, NULL),
('16.9137', NULL, 'FENTY BERLIANA TIFALNY', 'D IV', '3 KS 1', NULL, NULL, 'fentyberliana11@gmail.com', NULL, NULL),
('16.9138', NULL, 'FIKRON TANAZZUL AHSANI', 'D IV', '3 SK 2', NULL, NULL, 'fikrontahsani@gmail.com', NULL, NULL),
('16.9139', NULL, 'FIRDA AGIL AL RASYID', 'D IV', '3 SE 2', NULL, NULL, 'firdaalrasyid@gmail.com', NULL, NULL),
('16.9140', NULL, 'FIRMAN SIDQI', 'D IV', '3 KS 3', NULL, NULL, 'firmansidqi40@gmail.com', NULL, NULL),
('16.9141', NULL, 'FITRIANTO NURMA\'ARIF', 'D IV', '3 KS 2', NULL, NULL, '16.9141@stis.ac.id', NULL, NULL),
('16.9142', NULL, 'FITROH AJI NUR PERMADI', 'D IV', '3 SE 5', NULL, NULL, 'fitroh.aji2015@gmail.com', NULL, NULL),
('16.9143', NULL, 'FRANSISCA ANGELINA DIRK', 'D IV', '3 SE 3', NULL, NULL, 'gohigh88@gmail.com', NULL, NULL),
('16.9144', NULL, 'FRANSISKA SISILIA DOVEN', 'D III', '3 D3 3', NULL, NULL, 'ansydoven@gmail.com', NULL, NULL),
('16.9145', NULL, 'GANDYA SATRIA AKBAR PANGESTU', 'D IV', '3 SK 3', NULL, NULL, 'grestu224@gmail.com', NULL, NULL),
('16.9146', NULL, 'GABRIEL MUHAMMAD ZHAFRAN', 'D IV', '3 SK 4', NULL, NULL, 'gabrielzhafran@gmail.com', NULL, NULL),
('16.9148', NULL, 'GAMALIA GINA ATMAJAYA', 'D IV', '3 KS 2', NULL, NULL, 'ginagamalia@gmail.com', NULL, NULL),
('16.9149', NULL, 'GANI GUNAWAN', 'D IV', '3 SK 5', NULL, NULL, 'ghas.united@gmail.com', NULL, NULL),
('16.9150', NULL, 'GANISH ANGGRAENI', 'D IV', '3 SK 3', NULL, NULL, 'anggraeniganish@gmail.com', NULL, NULL),
('16.9151', NULL, 'GHARISA NUR FITRI', 'D IV', '3 SE 4', NULL, NULL, 'gharisa.fitri@gmail.com', NULL, NULL),
('16.9153', NULL, 'GIAN MAULADI', 'D IV', '3 KS 3', NULL, NULL, 'gianmauladi@gmail.com', NULL, NULL),
('16.9154', NULL, 'GIDEON MARPAUNG', 'D IV', '3 SK 1', NULL, NULL, 'Gideonmarpaung.gm@gmail.com', NULL, NULL),
('16.9155', NULL, 'GILANG CAHYA PERMADI', 'D IV', '3 SE 1', NULL, NULL, 'Gcahya1225@gmail.com', NULL, NULL),
('16.9156', NULL, 'GILAR TRI PANJI SAPUTRA', 'D IV', '3 SE 2', NULL, NULL, 'gilartpanjis@gmail.com', NULL, NULL),
('16.9157', NULL, 'GRACE AUDITIA SIMBOLON', 'D III', '3 D3 1', NULL, NULL, 'graceauditia@gmail.com', NULL, NULL),
('16.9158', NULL, 'GUSTI FIRMANDO', 'D IV', '3 SK 2', NULL, NULL, 'gustifirmando@gmail.com', NULL, NULL),
('16.9159', NULL, 'HABIB RAMADHANNI', 'D IV', '3 SE 3', NULL, NULL, 'ramahadhani@hotmail.com', NULL, NULL),
('16.9161', NULL, 'HANDIGO', 'D IV', '3 KS 2', NULL, NULL, 'handigoooo@gmail.com', NULL, NULL),
('16.9162', NULL, 'HANI IMTIHANAH', 'D IV', '3 SE 5', NULL, NULL, 'haniimtihanah98@gmail.com', NULL, NULL),
('16.9163', NULL, 'HANIF PALUPI', 'D IV', '3 SE 1', NULL, NULL, 'hanifpalupi@gmail.com', NULL, NULL),
('16.9164', NULL, 'HANIFA AZZAHRA', 'D IV', '3 SE 2', NULL, NULL, 'hanizahra446@gmail.com', NULL, NULL),
('16.9165', NULL, 'HANIFAH AFUWU', 'D IV', '3 SK 4', NULL, NULL, 'hanifah1803@gmail.com', NULL, NULL),
('16.9166', NULL, 'HANIFAH BUSAINAH', 'D IV', '3 SE 3', NULL, NULL, 'hbusainah@gmail.com', NULL, NULL),
('16.9167', NULL, 'HANIFAH NURUL MUFLIHA', 'D IV', '3 SE 4', NULL, NULL, 'hanmufliha@gmail.com', NULL, NULL),
('16.9168', NULL, 'HANSIR HUSA', 'D III', '3 D3 3', NULL, NULL, 'hansirhusa123@gmail.com', NULL, NULL),
('16.9169', NULL, 'HARDIANSYAH', 'D IV', '3 SK 3', NULL, NULL, 'hardiansyahprabowo@gmail.com', NULL, NULL),
('16.9171', NULL, 'HARIDHA NURFADILLA', 'D III', '3 D3 1', NULL, NULL, 'nurfadillaharidha@gmail.com', NULL, NULL),
('16.9172', NULL, 'HARIS MUNANDAR', 'D IV', '3 KS 2', NULL, NULL, 'harismunandartwd@gmail.com', NULL, NULL),
('16.9173', NULL, 'HASNA AFIFAH', 'D IV', '3 SE 5', NULL, NULL, 'hasnaafi98@gmail.com', NULL, NULL),
('16.9174', NULL, 'HASNIAR', 'D III', '3 D3 2', NULL, NULL, 'nindahasniar@gmail.com', NULL, NULL),
('16.9175', NULL, 'HAZANUL ZIKRA', 'D IV', '3 SE 4', NULL, NULL, 'hazanulz@hotmail.com', NULL, NULL),
('16.9176', NULL, 'HENDRO', 'D IV', '3 SK 4', NULL, NULL, '16.9176@stis.ac.id', NULL, NULL),
('16.9177', NULL, 'HENY DWI SARIYANTI', 'D IV', '3 SK 5', NULL, NULL, 'maspaitelaheny@gmail.com', NULL, NULL),
('16.9178', NULL, 'HERDINA ARIFIANI', 'D IV', '3 SK 1', NULL, NULL, 'herdinaaa17@gmail.com', NULL, NULL),
('16.9179', NULL, 'HERLINA PUJIANTI', 'D IV', '3 KS 2', NULL, NULL, 'herlinapujianti@gmail.com', NULL, NULL),
('16.9180', NULL, 'HERU MAULIA ANGGRAENI', 'D IV', '3 SE 1', NULL, NULL, 'angghymaulia99@gmail.com', NULL, NULL),
('16.9181', NULL, 'HIKMAWATI', 'D IV', '3 SK 2', NULL, NULL, 'hikmawatikail@gmail.com', NULL, NULL),
('16.9182', NULL, 'HUSNA QONITAH', 'D IV', '3 SK 3', NULL, NULL, 'husnaqonitah2@gmail.com', NULL, NULL),
('16.9183', NULL, 'HUSNUL AMALIA RAHMAH', 'D III', '3 D3 1', NULL, NULL, 'kkammel127@gmail.com', NULL, NULL),
('16.9184', NULL, 'I KADEK DEDE DWIPAYANA', 'D IV', '3 SK 5', NULL, NULL, 'ddjsmith431@gmail.com', NULL, NULL),
('16.9185', NULL, 'I MADE GIRI SUYASA', 'D IV', '3 SK 1', NULL, NULL, 'Ryuuavers.29@gmail.com', NULL, NULL),
('16.9186', NULL, 'I NYOMAN SETIAWAN', 'D IV', '3 KS 1', NULL, NULL, 'setiawannyoman987@gmail.com', NULL, NULL),
('16.9187', NULL, 'IBNU ATHOILLAH', 'D IV', '3 SE 5', NULL, NULL, 'Ibnuathoilah99@gmail.com', NULL, NULL),
('16.9188', NULL, 'IDRIS RULIANSYAH HASIBUAN', 'D IV', '3 SK 2', NULL, NULL, '16.9188@stis.ac.id', NULL, NULL),
('16.9189', NULL, 'IFA KHALIMATUL FAIQOH', 'D IV', '3 SE 2', NULL, NULL, 'ifakhale@gmail.com', NULL, NULL),
('16.9190', NULL, 'IKA OKTAVIANI DEWI HANIFAH', 'D IV', '3 KS 1', NULL, NULL, 'ikaoktaviani.dewihanifah@gmail.com', NULL, NULL),
('16.9191', NULL, 'ILHAM HABIBIE DAMAR ADIWENA', 'D IV', '3 SK 3', NULL, NULL, 'blakehabibie@gmail.com', NULL, NULL),
('16.9192', NULL, 'ILHAM INDRA PRAYUDI', 'D IV', '3 KS 1', NULL, NULL, 'Ilham.indra.p@gmail.com', NULL, NULL),
('16.9193', NULL, 'ILMI AULIA AKBAR', 'D IV', '3 KS 1', NULL, NULL, 'ilmiauliaa@outlook.com', NULL, NULL),
('16.9194', NULL, 'INDRIANA KUSUMA DEVI', 'D IV', '3 SK 4', NULL, NULL, 'indrianadevi80@gmail.com', NULL, NULL),
('16.9195', NULL, 'INDRIANTO', 'D IV', '3 SK 4', NULL, NULL, 'indrianto028@gmail.com', NULL, NULL),
('16.9196', NULL, 'INSAN MAHARANI', 'D IV', '3 SE 3', NULL, NULL, 'Insanmaharani2@gmail.com', NULL, NULL),
('16.9197', NULL, 'INSAN RISKI DWI PERDANA', 'D IV', '3 SE 1', NULL, NULL, 'insanriski@gmail.com', NULL, NULL),
('16.9198', NULL, 'INTAN EKA DEBORA SILABAN', 'D IV', '3 KS 1', NULL, NULL, 'intansilabn@gmail.com', NULL, NULL),
('16.9199', NULL, 'IRAWAN GHAZALI', 'D IV', '3 SE 2', NULL, NULL, 'irawanghozali@gmail.com', NULL, NULL),
('16.9200', NULL, 'ISKA MYRANTI', 'D IV', '3 SK 5', NULL, NULL, 'iskamyranti97@gmail.com', NULL, NULL),
('16.9201', NULL, 'ISWAHYUNI', 'D IV', '3 SE 4', NULL, NULL, 'raiswahyuni@gmail.com', NULL, NULL),
('16.9202', NULL, 'ITA FATHIMATUZ ZAHRO', 'D IV', '3 SE 5', NULL, NULL, 'itazahra99@gmail.com', NULL, NULL),
('16.9203', NULL, 'ITONAR MELFIA PARBUKTIAN BAKKARA', 'D III', '3 D3 2', NULL, NULL, 'Melfiabakkara@gmail.com', NULL, NULL),
('16.9204', NULL, 'IVAN ADI LUKITO', 'D IV', '3 SE 3', NULL, NULL, 'adiivan3006@gmail.com', NULL, NULL),
('16.9205', NULL, 'IVAN ROBI PRATAMA', 'D IV', '3 KS 3', NULL, NULL, 'ivan24robi@gmail.com', NULL, NULL),
('16.9206', NULL, 'IZZA INDI CANTIKA', 'D IV', '3 KS 2', NULL, NULL, 'ichachantika@gmail.com', NULL, NULL),
('16.9207', NULL, 'JASMINE AMALIA NASTITI', 'D IV', '3 SK 1', NULL, NULL, 'jasmineamalia16@gmail.com', NULL, NULL),
('16.9208', NULL, 'JOSUA IVAN DANI', 'D III', '3 D3 1', NULL, NULL, '16.9208@stis.ac.id', NULL, NULL),
('16.9209', NULL, 'JUHARI FAYANTI', 'D III', '3 D3 2', NULL, NULL, 'Juharifayanti20@gmail.com', NULL, NULL),
('16.9210', NULL, 'JULIO CHRISTIAN WADU DOKO', 'D III', '3 D3 1', NULL, NULL, 'Juliowadudoko@gmail.com', NULL, NULL),
('16.9211', NULL, 'JUNEZARRA THIE DEA GISELLE', 'D IV', '3 SK 2', NULL, NULL, 'junezarrathie@gmail.com', NULL, NULL),
('16.9212', NULL, 'KANDI DWI PRATIWI', 'D IV', '3 SE 1', NULL, NULL, 'pratiwikandi7@gmail.com', NULL, NULL),
('16.9213', NULL, 'KANNIA AMIELSA SHANENDA', 'D IV', '3 SK 3', NULL, NULL, 'kanniaamielsa@gmail.com', NULL, NULL),
('16.9214', NULL, 'KARINA DWI AGUSTIARINI', 'D IV', '3 SE 2', NULL, NULL, 'karinadwi11897@gmail.com', NULL, NULL),
('16.9215', NULL, 'KAROLINA NOVEN', 'D III', '3 D3 3', NULL, NULL, 'Ayinoven99@gmail.com', NULL, NULL),
('16.9216', NULL, 'KARTIKA NINGTYAS', 'D IV', '3 SK 4', NULL, NULL, 'Ntyaskartk@gmail.com', NULL, NULL),
('16.9217', NULL, 'KATHARINA KURNIANI TULASI', 'D III', '3 D3 3', NULL, NULL, 'rinatulasi@gmail.com', NULL, NULL),
('16.9218', NULL, 'KHADIJAH SYUKRIAH', 'D III', '3 D3 3', NULL, NULL, 'syukriahkhadijah30@gmail.com', NULL, NULL),
('16.9220', NULL, 'KHALISTA ARKANIA HARVIAN', 'D IV', '3 SK 5', NULL, NULL, '16.9220@stis.ac.id', NULL, NULL),
('16.9221', NULL, 'KHANIF UBAIDILLAH', 'D III', '3 D3 2', NULL, NULL, 'Khanifubdh@gmail.com', NULL, NULL),
('16.9222', NULL, 'KHOIRUL ANWAR', 'D IV', '3 SK 5', NULL, NULL, 'khoirulanwar1741@yahoo.co.id', NULL, NULL),
('16.9223', NULL, 'KHUMAIROTI PUTRI ANGGRAENI', 'D IV', '3 SK 1', NULL, NULL, 'Anggraeniputri.9f13@gmail.com', NULL, NULL),
('16.9224', NULL, 'KIKI ASDIANTI', 'D III', '3 D3 1', NULL, NULL, 'kikiasdianty@gmail.com', NULL, NULL),
('16.9225', NULL, 'KIRANA AULIA AS-ZAHRA', 'D IV', '3 SE 3', NULL, NULL, 'kiranaaulia8@gmail.com', NULL, NULL),
('16.9226', NULL, 'KONITA ILADINI', 'D IV', '3 SE 4', NULL, NULL, 'konitailadini@gmail.com', NULL, NULL),
('16.9227', NULL, 'KRISHNA AJI S', 'D IV', '3 KS 3', NULL, NULL, 'stereoxas@gmail.com', NULL, NULL),
('16.9228', NULL, 'KRISMONITA', 'D IV', '3 SE 5', NULL, NULL, 'krismonmonita@gmail.com', NULL, NULL),
('16.9229', NULL, 'KRISNANDA PRASETYA ADI', 'D IV', '3 SK 1', NULL, NULL, 'krisnanda2@gmail.com', NULL, NULL),
('16.9230', NULL, 'LAILA AMALIA FADHILAH', 'D IV', '3 SE 1', NULL, NULL, 'amalialia17@gmail.com', NULL, NULL),
('16.9232', NULL, 'LARASATI VALDANIA', 'D IV', '3 SE 2', NULL, NULL, 'larasvaldania@gmail.com', NULL, NULL),
('16.9233', NULL, 'LARASATI WIDYANINGRUM', 'D IV', '3 SE 3', NULL, NULL, 'lwidya80@gmail.com', NULL, NULL),
('16.9234', NULL, 'LATIFAH SITI MASULAH', 'D III', '3 D3 1', NULL, NULL, 'Latifahsitimasulah@gmail.com', NULL, NULL),
('16.9235', NULL, 'LELIA ALFUL MIZAN', 'D IV', '3 SK 2', NULL, NULL, 'leliaalful99@gmail.com', NULL, NULL),
('16.9236', NULL, 'LIA KHAIRUNNISAK', 'D IV', '3 SE 4', NULL, NULL, 'lianisak@gmail.com', NULL, NULL),
('16.9237', NULL, 'LISA NURLYENI', 'D IV', '3 SE 5', NULL, NULL, 'lisanurlyeni58@gmail.com', NULL, NULL),
('16.9238', NULL, 'LISA SELANNO', 'D III', '3 D3 1', NULL, NULL, 'Lisaselanno@ymail.com', NULL, NULL),
('16.9239', NULL, 'LUCHIA ULY', 'D III', '3 D3 2', NULL, NULL, 'luchiauly@gmail.com', NULL, NULL),
('16.9240', NULL, 'LUH LISNA RUPINAYANTI', 'D IV', '3 SE 1', NULL, NULL, 'lisnaynti@gmail.com', NULL, NULL),
('16.9241', NULL, 'LUQMAN ISMAIL ABDURRAHIM', 'D IV', '3 KS 3', NULL, NULL, 'luqman.lukman19@gmail.com', NULL, NULL),
('16.9242', NULL, 'LUTFI ISTIQOMAH RAHAYU HANDAYANI', 'D IV', '3 SK 3', NULL, NULL, 'lutfi.istiqomah@gmail.com', NULL, NULL),
('16.9243', NULL, 'LUTHFAN SHAOTI', 'D IV', '3 SE 4', NULL, NULL, 'shaoti30@gmail.com', NULL, NULL),
('16.9244', NULL, 'M LUTFI AZHAR ALHAFIS', 'D IV', '3 SE 5', NULL, NULL, 'mlutfiashar@gmail.com', NULL, NULL),
('16.9246', NULL, 'M. ABD. AZIZ ASSYAUKANI', 'D IV', '3 SE 1', NULL, NULL, 'azizassyaukani@gmail.com', NULL, NULL),
('16.9247', NULL, 'M. IQBAL', 'D IV', '3 KS 2', NULL, NULL, 'nateriver067@gmail.com', NULL, NULL),
('16.9248', NULL, 'M NATA KESUMA', 'D IV', '3 SE 2', NULL, NULL, 'nkesuma49@yahoo.com', NULL, NULL),
('16.9249', NULL, 'M RIZQI BAHAR', 'D IV', '3 KS 2', NULL, NULL, 'rizqibahar@gmail.com', NULL, NULL),
('16.9252', NULL, 'MADE INDRA PRASTYA', 'D IV', '3 KS 1', NULL, NULL, 'indraprastya19@gmail.com', NULL, NULL),
('16.9253', NULL, 'MAGDALENA RONDANG SAMUATI SIMANJUNTAK', 'D IV', '3 SK 4', NULL, NULL, 'magdalenasimanjuntak71@gmail.com', NULL, NULL),
('16.9255', NULL, 'MARIA ADINDA JARUNG', 'D III', '3 D3 2', NULL, NULL, 'dindajarung14@gmail.com', NULL, NULL),
('16.9256', NULL, 'MARIA AUDREY WIDIATMA', 'D IV', '3 KS 1', NULL, NULL, 'widyasarip88@gmail.com', NULL, NULL),
('16.9257', NULL, 'MARIA JEVANIA TPOY', 'D III', '3 D3 2', NULL, NULL, 'mariajevania@gmail.com', NULL, NULL),
('16.9258', NULL, 'MARIA ROSANTIKA WUNDA', 'D III', '3 D3 3', NULL, NULL, 'Wundamaria@gmail.com', NULL, NULL),
('16.9259', NULL, 'MARIA SUMARYATI TOLOK', 'D III', '3 D3 3', NULL, NULL, 'rikka.tolok@gmail.com', NULL, NULL),
('16.9260', NULL, 'MARIA VALENTINA MAKUNG', 'D III', '3 D3 3', NULL, NULL, '16.9260@stis.ac.id', NULL, NULL),
('16.9261', NULL, 'MARIO LEONARDO HOSEA SALMANU LAUDIUN', 'D III', '3 D3 1', NULL, NULL, 'Hoseamario@gmail.com', NULL, NULL),
('16.9262', NULL, 'MARSELINA PA KEBAN', 'D III', '3 D3 1', NULL, NULL, 'Marselinakeban@gmail.com', NULL, NULL),
('16.9263', NULL, 'MATIAS EMANUEL JANSSEN ABI', 'D III', '3 D3 3', NULL, NULL, 'janssenabi33@gmail.com', NULL, NULL),
('16.9264', NULL, 'MAUDY FITRI LIANI', 'D IV', '3 SE 2', NULL, NULL, 'maudyfitriliani22@gmail.com', NULL, NULL),
('16.9265', NULL, 'MAULANA DAWAM IHZA ALBANA', 'D IV', '3 SK 2', NULL, NULL, 'ihzaalbana@gmail.com', NULL, NULL),
('16.9266', NULL, 'MAYUZA YOLANDA', 'D IV', '3 SK 5', NULL, NULL, 'Mayuzayolanda@gmail.com', NULL, NULL),
('16.9267', NULL, 'MEI LIANAWATI WINDIASARI', 'D IV', '3 SE 3', NULL, NULL, 'mei.17liana@gmail.com', NULL, NULL),
('16.9268', NULL, 'MEIDIAN RINALDI', 'D IV', '3 KS 2', NULL, NULL, 'meidianrinaldi1905@gmail.com', NULL, NULL),
('16.9269', NULL, 'MELATI SUKMANINGTYAS', 'D IV', '3 SE 4', NULL, NULL, 'melatimel05@gmail.com', NULL, NULL),
('16.9270', NULL, 'MELINDA OLAH LATULUMA', 'D III', '3 D3 1', NULL, NULL, 'enonalatu@gmail.com', NULL, NULL),
('16.9272', NULL, 'MEREALITA', 'D IV', '3 SK 1', NULL, NULL, 'Mere@bps.go.id', NULL, NULL),
('16.9273', NULL, 'MIFTACHUL RACHMAN DINDA', 'D IV', '3 SK 3', NULL, NULL, 'mfth.rahman@gmail.com', NULL, NULL),
('16.9274', NULL, 'MOCH. FAIZUL SATRIO U.', 'D IV', '3 SK 4', NULL, NULL, 'moch.faizul.s.u@gmail.com', NULL, NULL),
('16.9275', NULL, 'M REZKA AJI PAMBUDI', 'D IV', '3 SE 3', NULL, NULL, 'rezka.pambudi@gmail.com', NULL, NULL),
('16.9276', NULL, 'MOHAMAD YUSUP', 'D IV', '3 KS 2', NULL, NULL, 'mohamadyusup2111@gmail.com', NULL, NULL),
('16.9277', NULL, 'MOHAMMAD AMMAR ALWANDI', 'D IV', '3 SE 4', NULL, NULL, 'tikitakabasketball@gmail.com', NULL, NULL),
('16.9278', NULL, 'MOHAMMAD IKHWANUDDIN', 'D IV', '3 SK 5', NULL, NULL, 'mohammadikhwanuddin1998@gmail.com', NULL, NULL),
('16.9279', NULL, 'MONA WIDYA ANGGRAINI', 'D IV', '3 SE 5', NULL, NULL, 'MONAAW21@GMAIL.com', NULL, NULL),
('16.9280', NULL, 'MONANTA ALFIAREZA', 'D IV', '3 KS 3', NULL, NULL, 'monanta.alfiareza@gmail.com', NULL, NULL),
('16.9281', NULL, 'MUARRIKH YAZKA GINANG PRASIDANA', 'D IV', '3 KS 2', NULL, NULL, 'muarrikhyazka@gmail.com', NULL, NULL),
('16.9282', NULL, 'MUH. IBNU NASRULLAH', 'D III', '3 D3 1', NULL, NULL, 'Ibnunasrullah3@gmail.com', NULL, NULL),
('16.9283', NULL, 'MUHAMMAD MANTSANI', 'D III', '3 D3 2', NULL, NULL, 'M.mantsani@gmail.com', NULL, NULL),
('16.9284', NULL, 'MUHAMAD RAYHAN SEPTIAN', 'D IV', '3 SE 5', NULL, NULL, 'rayhanseptian05@gmail.com', NULL, NULL),
('16.9285', NULL, 'MUHAMMAD ADIB TAMTAMA', 'D IV', '3 KS 2', NULL, NULL, 'adibespada@gmail.com', NULL, NULL),
('16.9286', NULL, 'MUHAMMAD AL FIQRIE', 'D IV', '3 KS 3', NULL, NULL, 'muhammadalfiqrie@gmail.com', NULL, NULL),
('16.9287', NULL, 'MUHAMMAD ALFATIH', 'D IV', '3 SK 1', NULL, NULL, 'alfatihm98@gmail.com', NULL, NULL),
('16.9288', NULL, 'MUHAMMAD ALI IRFAN', 'D IV', '3 SK 2', NULL, NULL, 'muhammadali.irfan38@gmail.com', NULL, NULL),
('16.9289', NULL, 'MUHAMMAD ALIFUNNAS', 'D IV', '3 KS 3', NULL, NULL, 'alifunnasmuhammad@gmail.com', NULL, NULL),
('16.9290', NULL, 'MUHAMAD BAGUS ADJI BRILIYANTO', 'D IV', '3 SK 3', NULL, NULL, 'Bagus.adji99@gmail.com', NULL, NULL),
('16.9291', NULL, 'MUHAMMAD FARHAN ROBBANI', 'D IV', '3 SE 1', NULL, NULL, 'Farhannnrbbn@gmail.com', NULL, NULL),
('16.9292', NULL, 'MUHAMMAD FAZA', 'D IV', '3 KS 1', NULL, NULL, 'm.faza1998@gmail.com', NULL, NULL),
('16.9293', NULL, 'MUHAMMAD GHOZY AL HAQQONI', 'D IV', '3 KS 1', NULL, NULL, 'mghozy.first@gmail.com', NULL, NULL),
('16.9294', NULL, 'MUHAMMAD HADID', 'D IV', '3 KS 2', NULL, NULL, 'phantom.hdd@gmail.com', NULL, NULL),
('16.9295', NULL, 'MUHAMMAD HAFID NASUTION', 'D IV', '3 KS 2', NULL, NULL, 'hafidnasution10@gmail.com', NULL, NULL),
('16.9296', NULL, 'MUHAMMAD HAFIDZ AL AHMAD BIT', 'D IV', '3 KS 2', NULL, NULL, 'a.bithafidz@gmail.com', NULL, NULL),
('16.9297', NULL, 'MUHAMMAD HAIDAR FIKRI JANUAR', 'D IV', '3 KS 2', NULL, NULL, 'Haidarj17@gmail.com', NULL, NULL),
('16.9298', NULL, 'MUHAMMAD HARRY DARMAWAN', 'D IV', '3 SK 4', NULL, NULL, 'harrydarma98@gmail.com', NULL, NULL),
('16.9299', NULL, 'MUHAMMAD HASBI ASHSHIDIQ', 'D IV', '3 KS 2', NULL, NULL, 'hasbi.sragen@gmail.com', NULL, NULL),
('16.9300', NULL, 'MUHAMMAD IMAM SHOLIHIN', 'D IV', '3 SE 2', NULL, NULL, 'imamscorpion97@gmail.com', NULL, NULL),
('16.9301', NULL, 'MUHAMMAD MAULIDI RIDHANI', 'D IV', '3 SK 5', NULL, NULL, 'MMAULIDIRIDHANI17@GMAIL.com', NULL, NULL),
('16.9302', NULL, 'MUHAMMAD NUR ILMAN', 'D III', '3 D3 2', NULL, NULL, 'ilmanseptembro@gmail.com', NULL, NULL),
('16.9303', NULL, 'MUHAMMAD RAFI RAMADHAN', 'D IV', '3 SE 3', NULL, NULL, 'rafimathematic@gmail.com', NULL, NULL),
('16.9304', NULL, 'MUHAMMAD RIFQI MUBARAK', 'D IV', '3 KS 1', NULL, NULL, 'ryuuzumaru@gmail.com', NULL, NULL),
('16.9305', NULL, 'MUHAMMAD RIZQI DESTANTO', 'D IV', '3 SK 1', NULL, NULL, 'Muhammadrizqidestanto@gmail.com', NULL, NULL),
('16.9306', NULL, 'MUHAMMAD SUPRAPTO', 'D IV', '3 SK 2', NULL, NULL, 'muhsuprapto54@gmail.com', NULL, NULL),
('16.9307', NULL, 'MUHAMMAD THARIEQ PAHLEVI', 'D IV', '3 SE 4', NULL, NULL, 'pahlevitharieq@gmail.com', NULL, NULL),
('16.9308', NULL, 'M WILDAN', 'D IV', '3 KS 3', NULL, NULL, 'wildan.pamungkas@outlook.com', NULL, NULL),
('16.9309', NULL, 'MUHAMMAD ZAINU IQBAL', 'D IV', '3 KS 2', NULL, NULL, 'zainuiqbal83@gmail.com', NULL, NULL),
('16.9310', NULL, 'MUHARROM PRIMA SURYA SETYA', 'D IV', '3 SE 5', NULL, NULL, 'Muharromprima@gmail.com', NULL, NULL),
('16.9311', NULL, 'MUKHAMMAD KHARIS', 'D IV', '3 KS 1', NULL, NULL, '081332210xxx@gmail.com', NULL, NULL),
('16.9312', NULL, 'MULYANA', 'D IV', '3 SE 1', NULL, NULL, 'mulyanakidal@gmail.com', NULL, NULL),
('16.9313', NULL, 'MURSALINA BIA', 'D IV', '3 SE 1', NULL, NULL, 'mursalina.bia@gmail.com', NULL, NULL),
('16.9314', NULL, 'MUTIARA RAMADHANI', 'D IV', '3 SK 2', NULL, NULL, 'Mutram12@gmail.com', NULL, NULL),
('16.9315', NULL, 'NABIL MIFTAH IRFANDHA', 'D IV', '3 SK 3', NULL, NULL, 'nblirfandha@gmail.com', NULL, NULL),
('16.9316', NULL, 'NABILA WIDIASTUTI', 'D IV', '3 SK 3', NULL, NULL, 'NABILAWDST@GMAIL.com', NULL, NULL),
('16.9317', NULL, 'NABILLA FATHASYA AROM', 'D IV', '3 SK 4', NULL, NULL, 'thasya06aromanis@gmail.com', NULL, NULL),
('16.9318', NULL, 'NADA ASRIA FARAZILAH', 'D IV', '3 SE 2', NULL, NULL, 'nfarazilah@gmail.com', NULL, NULL),
('16.9319', NULL, 'NADA NABILA ROSYAD', 'D IV', '3 SK 5', NULL, NULL, 'nabilarosyad15@gmail.com', NULL, NULL),
('16.9320', NULL, 'NADA SALVIA', 'D IV', '3 SK 1', NULL, NULL, 'nadasalvia@gmail.com', NULL, NULL),
('16.9321', NULL, 'NADIA FIRDAUSA', 'D IV', '3 SK 2', NULL, NULL, 'nadiafrdsa@gmail.com', NULL, NULL),
('16.9322', NULL, 'NADIA QOTHRUNNADA', 'D IV', '3 SK 3', NULL, NULL, 'nadiaqothrunnada2@gmail.com', NULL, NULL),
('16.9323', NULL, 'NADYA ZURISKA', 'D IV', '3 SK 4', NULL, NULL, 'ramonanadya13@gmail.com', NULL, NULL),
('16.9325', NULL, 'NASHIR WAHYUDI', 'D IV', '3 KS 3', NULL, NULL, 'human.balancar@gmail.com', NULL, NULL),
('16.9327', NULL, 'NAWANG INDAH CAHYANINGRUM', 'D IV', '3 SK 5', NULL, NULL, 'aninganis@gmail.com', NULL, NULL),
('16.9328', NULL, 'NENGLIA AHMAD HOBOL', 'D III', '3 D3 1', NULL, NULL, 'shhikamarumelody@gmail.com', NULL, NULL),
('16.9329', NULL, 'NI KETUT ANANTA KUSUMA DEWI', 'D IV', '3 KS 2', NULL, NULL, 'ananta.kusumadewi@gmail.com', NULL, NULL),
('16.9330', NULL, 'NI LUH AYU NOVA LESTARI', 'D IV', '3 SK 1', NULL, NULL, 'niluhayum@gmail.com', NULL, NULL),
('16.9331', NULL, 'NI MADE DWI NOVITA SUGIANTHI', 'D III', '3 D3 2', NULL, NULL, 'novitasugianthi@gmail.com', NULL, NULL),
('16.9332', NULL, 'NICKEN WOROSASI', 'D IV', '3 KS 2', NULL, NULL, 'nickenw@gmail.com', NULL, NULL),
('16.9333', NULL, 'NOVIA ARUM PRATIWI', 'D IV', '3 SE 3', NULL, NULL, 'novia08november@gmail.com', NULL, NULL),
('16.9334', NULL, 'NOVIA DWIMA SANTI', 'D IV', '3 SK 2', NULL, NULL, 'noviadwima1998@gmail.com', NULL, NULL),
('16.9335', NULL, 'NOVIA PERMATASARI', 'D IV', '3 KS 1', NULL, NULL, 'noviaprmatasari@stis.ac.id', NULL, NULL),
('16.9336', NULL, 'NOVIANA ANGGRAENI', 'D IV', '3 SE 4', NULL, NULL, 'novianaanggraeni24@gmail.com', NULL, NULL),
('16.9337', NULL, 'NOVITA SARI', 'D IV', '3 SK 3', NULL, NULL, 'novitahcf@gmail.com', NULL, NULL),
('16.9338', NULL, 'NUR ALFI', 'D IV', '3 SK 4', NULL, NULL, '16.9338@stis.ac.id', NULL, NULL),
('16.9339', NULL, 'NURHADI ULHAG', 'D IV', '3 SK 4', NULL, NULL, 'sevenpartikel@gmail.com', NULL, NULL),
('16.9340', NULL, 'NURMAWIYA', 'D IV', '3 SK 5', NULL, NULL, 'nurmawiyanurma@gmail.com', NULL, NULL),
('16.9341', NULL, 'NURUL ASTHRI DAMAYANTI', 'D IV', '3 SK 1', NULL, NULL, 'ndama355@gmail.com', NULL, NULL),
('16.9342', NULL, 'NURUL SULASFI', 'D IV', '3 SE 2', NULL, NULL, 'nurul.sulasfi1998@gmail.com', NULL, NULL),
('16.9343', NULL, 'NYAYU INDAH OKTAVIANI', 'D IV', '3 KS 1', NULL, NULL, 'indahoktav99@gmail.com', NULL, NULL),
('16.9344', NULL, 'OKI OKTAVIANI', 'D IV', '3 SK 2', NULL, NULL, 'okioktaviani438@gmail.com', NULL, NULL),
('16.9345', NULL, 'OKTAVIANI ELENTRI BARUT', 'D III', '3 D3 3', NULL, NULL, 'oktavianielentribarut@gmail.com', NULL, NULL),
('16.9346', NULL, 'OLIVIA MANDALA PUTRI', 'D IV', '3 SK 3', NULL, NULL, 'oliviamandalaputri@gmail.com', NULL, NULL),
('16.9347', NULL, 'ONY KURNIAWAN', 'D IV', '3 SE 3', NULL, NULL, 'onyk28@gmail.com', NULL, NULL),
('16.9348', NULL, 'OQXA VYEDO', 'D IV', '3 SE 4', NULL, NULL, 'oqxavyedo@gmail.com', NULL, NULL),
('16.9349', NULL, 'OVILIA VEBI AMIDA', 'D IV', '3 SK 4', NULL, NULL, 'oviamida@gmail.com', NULL, NULL),
('16.9350', NULL, 'PANDU WICAKSONO', 'D IV', '3 KS 2', NULL, NULL, 'panickspa@gmail.com', NULL, NULL),
('16.9351', NULL, 'PONIMIN', 'D IV', '3 KS 3', NULL, NULL, 'kuat.ponimin123@gmail.com', NULL, NULL),
('16.9352', NULL, 'PRABAWATI ISTIQOMAH', 'D IV', '3 SE 5', NULL, NULL, 'prabawatiistiqomah@gmail.com', NULL, NULL),
('16.9353', NULL, 'PRAMANDA ABRURI FAHMI', 'D IV', '3 SE 5', NULL, NULL, 'pabrurifahmi@gmail.com', NULL, NULL),
('16.9354', NULL, 'PRANANTA ADI YUDHANTO', 'D IV', '3 SE 1', NULL, NULL, 'yudha2244@gmail.com', NULL, NULL),
('16.9355', NULL, 'PRAWESTY DIAN UTAMI', 'D IV', '3 SE 1', NULL, NULL, 'prawestydian96@gmail.com', NULL, NULL),
('16.9356', NULL, 'PRIMA KHAISAR ISLAM', 'D IV', '3 SE 2', NULL, NULL, 'primakhaisar@gmail.com', NULL, NULL),
('16.9357', NULL, 'PRISITA NALLAVASTHI', 'D IV', '3 SE 2', NULL, NULL, 'prisita.nallavsthi@gmail.com', NULL, NULL),
('16.9358', NULL, 'PRISKA HELDIANI HARUM', 'D III', '3 D3 2', NULL, NULL, 'Priskaheldianiharum@gmail.com', NULL, NULL),
('16.9359', NULL, 'PRISKA VIKRIA AZMI', 'D III', '3 D3 3', NULL, NULL, 'Azmiprischa@gmail.com', NULL, NULL),
('16.9360', NULL, 'PUTRI DITA WINGSANTI', 'D IV', '3 SK 5', NULL, NULL, 'putriditawingsanti@gmail.com', NULL, NULL),
('16.9361', NULL, 'PUTRI HERA LUSMANA', 'D IV', '3 SE 3', NULL, NULL, 'putriheral@gmail.com', NULL, NULL),
('16.9362', NULL, 'PUTRI SEPTIANINGSIH', 'D IV', '3 SK 1', NULL, NULL, 'putri080998@gmail.com', NULL, NULL),
('16.9363', NULL, 'PUTU RIMA AYU PADINI', 'D IV', '3 SK 2', NULL, NULL, 'rimaayupadini@gmail.com', NULL, NULL),
('16.9364', NULL, 'RACHMAT DHANY ICHSAN', 'D IV', '3 KS 1', NULL, NULL, 'dhanycansistai7@gmail.com', NULL, NULL),
('16.9365', NULL, 'RADEN MULIA', 'D IV', '3 SK 5', NULL, NULL, 'Mulia.raden@gmail.com', NULL, NULL),
('16.9366', NULL, 'RADHITYA NOOR ADHYAKSANI', 'D IV', '3 SE 3', NULL, NULL, 'adhyak.san@gmail.com', NULL, NULL),
('16.9367', NULL, 'RAHMAD RIZA', 'D IV', '3 SK 1', NULL, NULL, 'rahmadriza1804@gmail.com', NULL, NULL),
('16.9368', NULL, 'RAHMAT PUTRA', 'D IV', '3 SE 4', NULL, NULL, 'Rahmatputra441@gmail.com', NULL, NULL),
('16.9369', NULL, 'RAHMAT BUAMONABOT', 'D IV', '3 SK 2', NULL, NULL, 'rahmatbuamonabot@bps.go.id', NULL, NULL),
('16.9370', NULL, 'RAHMAT RAMADHAN', 'D IV', '3 KS 3', NULL, NULL, 'rahmat.rama98@gmail.com', NULL, NULL),
('16.9371', NULL, 'MELISA SABRIYANTI TIMBAN', 'D III', '3 D3 2', NULL, NULL, 'melisastimban@gmail.com', NULL, NULL),
('16.9372', NULL, 'RAKA SURYADI', 'D III', '3 D3 2', NULL, NULL, 'raksur01@gmail.com', NULL, NULL),
('16.9373', NULL, 'RAMA GUSTI ANUGA', 'D IV', '3 KS 3', NULL, NULL, 'crazydb8@yahoo.com', NULL, NULL),
('16.9374', NULL, 'RANY MUTTY SHOVIANA', 'D IV', '3 SE 4', NULL, NULL, 'Ranymshoviana@gmail.com', NULL, NULL),
('16.9375', NULL, 'REFO AULIA ALBA', 'D IV', '3 SE 5', NULL, NULL, 'refoaulia31@gmail.com', NULL, NULL),
('16.9376', NULL, 'RESTIARA WAHYU D', 'D III', '3 D3 1', NULL, NULL, 'restiaras@gmail.com', NULL, NULL),
('16.9377', NULL, 'RETNO SEKAR RACHMANINGRUM', 'D IV', '3 SK 3', NULL, NULL, 'retnosekar9@gmail.com', NULL, NULL),
('16.9378', NULL, 'REVO NANDO', 'D III', '3 D3 3', NULL, NULL, 'rnganteng98@gmail.com', NULL, NULL),
('16.9379', NULL, 'RIAN SURYA PRATAMA', 'D IV', '3 KS 3', NULL, NULL, 'riansurya17@gmail.com', NULL, NULL),
('16.9380', NULL, 'RIEKO NOPRIADY', 'D IV', '3 SK 3', NULL, NULL, 'nopriadyrieko@gmail.com', NULL, NULL),
('16.9381', NULL, 'RIFQU RAMANDHITA', 'D IV', '3 KS 2', NULL, NULL, 'icuelek123@gmail.com', NULL, NULL),
('16.9382', NULL, 'RIKI TRIANDICKI', 'D IV', '3 SE 5', NULL, NULL, 'rikitriandicki@gmail.com', NULL, NULL),
('16.9383', NULL, 'RINTAN AULIYAH RAHMA', 'D IV', '3 SK 4', NULL, NULL, 'rauliyahrahma@gmail.com', NULL, NULL),
('16.9384', NULL, 'RIO ERLANGGA SALAMOR', 'D III', '3 D3 3', NULL, NULL, 'Riosalamor78068@gmail.com', NULL, NULL),
('16.9385', NULL, 'RIRIN NOVITA SARI', 'D IV', '3 SK 5', NULL, NULL, 'ririnnovitasari22@gmail.com', NULL, NULL),
('16.9386', NULL, 'RIRIN YUSTIKA PUTRI', 'D IV', '3 KS 3', NULL, NULL, 'ririnyustikap@gmail.com', NULL, NULL),
('16.9387', NULL, 'RISKA DAMAIYANTI', 'D IV', '3 SK 1', NULL, NULL, 'riskadamaiyanti34@gmail.com', NULL, NULL),
('16.9388', NULL, 'RISTANTO HADI', 'D III', '3 D3 3', NULL, NULL, 'ristantohadi2@gmail.com', NULL, NULL),
('16.9389', NULL, 'RIVALDI', 'D IV', '3 KS 3', NULL, NULL, 'rivaldireds@gmail.com', NULL, NULL),
('16.9390', NULL, 'RIVALDO MUBARAK', 'D IV', '3 SK 4', NULL, NULL, 'rivaldomubarak98@gmail.com', NULL, NULL),
('16.9391', NULL, 'RIZAL AKBAR KOMARUDIN', 'D III', '3 D3 1', NULL, NULL, 'rizal.akbar3003@gmail.com', NULL, NULL),
('16.9392', NULL, 'RIZKA AMALIA FARENTINA', 'D IV', '3 SE 1', NULL, NULL, 'rizkaamaliaf@gmail.com', NULL, NULL),
('16.9393', NULL, 'RIZKA AYU RHAMADHANI', 'D III', '3 D3 3', NULL, NULL, 'rizkakika45@gmail.com', NULL, NULL),
('16.9394', NULL, 'RIZKA NURALIFAH CANTIKA PUTRI ASANI', 'D III', '3 D3 2', NULL, NULL, 'chechaasani01@gmail.com', NULL, NULL),
('16.9395', NULL, 'RIZKI ADRIANSAH', 'D IV', '3 KS 3', NULL, NULL, 'rizkiadriansahh@gmail.com', NULL, NULL),
('16.9396', NULL, 'RIZKI ANANDA FAUZIAH', 'D IV', '3 KS 3', NULL, NULL, 'rizkiananda133@gmail.com', NULL, NULL),
('16.9397', NULL, 'RIZKI SAVITRI', 'D IV', '3 SK 2', NULL, NULL, 'rizkisavitri0198@gmail.com', NULL, NULL),
('16.9398', NULL, 'RIZKIANI IHFA', 'D IV', '3 SK 3', NULL, NULL, 'Permenkapas24@gmail.com', NULL, NULL),
('16.9399', NULL, 'RIZQI ARISTYA TRI ASTUTI', 'D IV', '3 SK 4', NULL, NULL, 'rizqiaristya@gmail.com', NULL, NULL),
('16.9400', NULL, 'RONA CASANOVA SIAGIAN', 'D IV', '3 SK 5', NULL, NULL, '16.9400@stis.ac.id', NULL, NULL),
('16.9401', NULL, 'ROSA AUDIA LILLAH', 'D IV', '3 SK 1', NULL, NULL, 'rosalillah22@gmail.com', NULL, NULL),
('16.9402', NULL, 'ROSETA AFRINA ARSYANTI', 'D IV', '3 SE 2', NULL, NULL, 'afrina.arsyanti@gmail.com', NULL, NULL),
('16.9403', NULL, 'ROZA SHOLEHUDDIN DAMRANI', 'D IV', '3 SE 1', NULL, NULL, 'rdamra9@gmail.com', NULL, NULL),
('16.9404', NULL, 'ROZAN FIKRI', 'D IV', '3 KS 3', NULL, NULL, 'rozanfikri.ggwp@gmail.com', NULL, NULL),
('16.9405', NULL, 'RYAN REYNALDY HERMANUS PAIMIN', 'D IV', '3 KS 2', NULL, NULL, 'ryan.reynaldy123@gmail.com', NULL, NULL),
('16.9406', NULL, 'RYSMA DEZRYAMA ZOELNI', 'D III', '3 D3 1', NULL, NULL, 'drysma@gmail.com', NULL, NULL),
('16.9407', NULL, 'SAEFUL LATIF', 'D IV', '3 SK 5', NULL, NULL, 'saeful.mia5@gmail.com', NULL, NULL),
('16.9408', NULL, 'SAHARA CITRA KHARISMA', 'D IV', '3 SK 2', NULL, NULL, 'citraara@gmail.com', NULL, NULL),
('16.9409', NULL, 'SAHARA SABILAH PUTRI', 'D IV', '3 SK 3', NULL, NULL, 'saharasabilah@gmail.com', NULL, NULL),
('16.9410', NULL, 'SAMUEL KURNIA PUTRA', 'D IV', '3 SK 1', NULL, NULL, 'samuelputradcp98@gmail.com', NULL, NULL),
('16.9411', NULL, 'SANDY ALFYANTO PUTRA', 'D IV', '3 SK 2', NULL, NULL, 'sandyalfyanto123@gmail.com', NULL, NULL),
('16.9412', NULL, 'SARTINA', 'D IV', '3 SK 4', NULL, NULL, 'sartinasaja@gmail.com', NULL, NULL),
('16.9413', NULL, 'SARWONO ALFIAN HANDOYO NADEAK', 'D IV', '3 SE 2', NULL, NULL, 'nadeaksarwono@gmail.com', NULL, NULL),
('16.9414', NULL, 'SATRIA KURNIA AREKA', 'D IV', '3 SE 3', NULL, NULL, 'satria.areka@gmail.com', NULL, NULL),
('16.9415', NULL, 'SEKAR AYU R', 'D IV', '3 SK 5', NULL, NULL, 'sarstis58@gmail.com', NULL, NULL),
('16.9416', NULL, 'SEPTRI SANDO LUMBAN GAOL', 'D IV', '3 KS 3', NULL, NULL, 'septrisando73@gmail.com', NULL, NULL),
('16.9417', NULL, 'SESILIA VIANEY LELO KERANS', 'D III', '3 D3 1', NULL, NULL, 'sesiliakerans@gmail.com', NULL, NULL),
('16.9418', NULL, 'SHAFIYAH ASY SYAHIDAH', 'D IV', '3 SK 1', NULL, NULL, 'shafiyaaa28@gmail.com', NULL, NULL),
('16.9419', NULL, 'SHANIA MARANATHA SOFITJE NENDISSA', 'D III', '3 D3 3', NULL, NULL, 'shania16.nendissa@gmail.com', NULL, NULL),
('16.9420', NULL, 'SHEERIN DAHWAN AZIZ', 'D IV', '3 KS 1', NULL, NULL, 'sheerindahwan@gmail.com', NULL, NULL),
('16.9421', NULL, 'SHIFA AZZAHRA', 'D IV', '3 SK 2', NULL, NULL, 'shifazzahraa@gmail.com', NULL, NULL),
('16.9422', NULL, 'SHINTA DEVI FATONA', 'D III', '3 D3 2', NULL, NULL, 'Devifatona@gmail.com', NULL, NULL),
('16.9423', NULL, 'SHOBRINA AFIFAH', 'D IV', '3 SK 3', NULL, NULL, 'setijowati.afifah@gmail.com', NULL, NULL),
('16.9424', NULL, 'SHOVIATAMARA', 'D IV', '3 SE 3', NULL, NULL, 'Shoviatamara06@gmail.com', NULL, NULL),
('16.9425', NULL, 'SINTA PRATIWI', 'D IV', '3 SE 4', NULL, NULL, 'Pratiwisinta11@gmail.com', NULL, NULL),
('16.9426', NULL, 'SITI FATIMATUL MUNAWWAROH', 'D IV', '3 SK 4', NULL, NULL, 'sitifatimatulm@gmail.com', NULL, NULL),
('16.9427', NULL, 'SITI KHADIJAH', 'D III', '3 D3 2', NULL, NULL, 'khadijahsengadji1012@gmail.com', NULL, NULL);
INSERT INTO `user` (`nim`, `password`, `nama`, `prodi`, `kelas`, `id_tim`, `id_otoritas`, `email`, `last_login`, `jumlah_pesan`) VALUES
('16.9428', NULL, 'SITI SOLEHA NUR AMMATULLAH', 'D III', '3 D3 1', NULL, NULL, 'Ammatullahssn5516@gmail.com', NULL, NULL),
('16.9429', NULL, 'SITTI RAHMAWATI', 'D IV', '3 SE 5', NULL, NULL, 'sittiirahmawatii@gmail.com', NULL, NULL),
('16.9430', NULL, 'SKOLASTIKA YOLANDA BEREK', 'D III', '3 D3 3', NULL, NULL, 'atikaberek34@gmail.com', NULL, NULL),
('16.9431', NULL, 'SONIA CELSIA BERE BUTI', 'D III', '3 D3 3', NULL, NULL, 'Sonyachelsea17@gmail.com', NULL, NULL),
('16.9432', NULL, 'SRI INDRIYANI SIREGAR', 'D IV', '3 SE 1', NULL, NULL, 'sriindriyanisiregar@gmail.com', NULL, NULL),
('16.9433', NULL, 'SRI MAYA JULIANI HASIBUAN', 'D IV', '3 SK 5', NULL, NULL, 'Srimayaajulianihasibuan@gmail.com', NULL, NULL),
('16.9434', NULL, 'STANISLAUS EDTWIM P. RUING', 'D IV', '3 SK 3', NULL, NULL, 'edtwimruing@gmail.com', NULL, NULL),
('16.9435', NULL, 'STENLY FRANS', 'D IV', '3 KS 3', NULL, NULL, 'josetheodore15@gmail.com', NULL, NULL),
('16.9436', NULL, 'SUBEKTI', 'D IV', '3 KS 1', NULL, NULL, 'zoobekti@gmail.com', NULL, NULL),
('16.9437', NULL, 'SUCI AYU LESTARI', 'D IV', '3 SK 1', NULL, NULL, 'suciayulestarisal@gmail.com', NULL, NULL),
('16.9438', NULL, 'SUCIARTI PERTIWI', 'D IV', '3 SK 2', NULL, NULL, 'suciarti.pertiwi@ymail.com', NULL, NULL),
('16.9439', NULL, 'SULUNG K F', 'D IV', '3 SE 2', NULL, NULL, 'forentine.kharisma@gmail.com', NULL, NULL),
('16.9440', NULL, 'SUTRI VININDA', 'D IV', '3 SE 3', NULL, NULL, 'kamininda1412@gmail.com', NULL, NULL),
('16.9441', NULL, 'SYAFIRA SHALIHANI', 'D IV', '3 SE 4', NULL, NULL, 'syafiras24@gmail.com', NULL, NULL),
('16.9442', NULL, 'SYAHFIANTI INUNG PRATIWI', 'D IV', '3 SK 3', NULL, NULL, 'syahfiantiinungpratiwi@gmail.com', NULL, NULL),
('16.9443', NULL, 'SYAIFUL RIZAL', 'D III', '3 D3 1', NULL, NULL, 'syariz.09@gmail.com', NULL, NULL),
('16.9444', NULL, 'SYAMSUL MAARIF', 'D IV', '3 SE 4', NULL, NULL, '16.9444@stis.ac.id', NULL, NULL),
('16.9445', NULL, 'T.FACHRUL HUSAINI', 'D IV', '3 SE 5', NULL, NULL, '16.9445@stis.ac.id', NULL, NULL),
('16.9446', NULL, 'TATA PACU MAULIDINA', 'D IV', '3 SK 4', NULL, NULL, 'tatapacum@gmail.com', NULL, NULL),
('16.9447', NULL, 'THERESA GRACE J SIAHAAN', 'D IV', '3 SE 5', NULL, NULL, 'theresa.gjs@gmail.com', NULL, NULL),
('16.9448', NULL, 'TIARA MONICA PUTRI', 'D IV', '3 SK 5', NULL, NULL, 'tiaranadi143@gmail.com', NULL, NULL),
('16.9449', NULL, 'TITA KARTIKA', 'D IV', '3 SE 1', NULL, NULL, 'titakartika56@gmail.com', NULL, NULL),
('16.9450', NULL, 'TODO PARULIAN SIMBOLON', 'D IV', '3 KS 1', NULL, NULL, 'todosimbolon@gmail.com', NULL, NULL),
('16.9451', NULL, 'TRI RAHMAT SIYAMTO', 'D IV', '3 KS 3', NULL, NULL, 'trirahmatsto@gmail.com', NULL, NULL),
('16.9453', NULL, 'VICTORIA INTAN VAGUSANTYASARI', 'D IV', '3 SK 1', NULL, NULL, 'victoriaintan21@gmail.com', NULL, NULL),
('16.9454', NULL, 'VANIA ARISANDY ZALRI', 'D IV', '3 SK 2', NULL, NULL, 'vaniaarisandy@gmail.com', NULL, NULL),
('16.9455', NULL, 'VIDYA RADNA', 'D III', '3 D3 1', NULL, NULL, 'v1dy4.098@gmail.com', NULL, NULL),
('16.9456', NULL, 'VIKY WIJAYA', 'D IV', '3 SE 1', NULL, NULL, 'vikywijaya23@gmail.com', NULL, NULL),
('16.9457', NULL, 'VILNI SYAENDA', 'D IV', '3 SE 2', NULL, NULL, 'vilnisyd@gmail.com', NULL, NULL),
('16.9458', NULL, 'VIONITA LESTARI', 'D IV', '3 SK 3', NULL, NULL, 'vionitalestari97@gmail.com', NULL, NULL),
('16.9459', NULL, 'VIRLY RAHMAWATI', 'D IV', '3 SE 3', NULL, NULL, 'virlyrarahmawati@gmail.com', NULL, NULL),
('16.9460', NULL, 'WAHYU APRIL YANTO', 'D IV', '3 SK 4', NULL, NULL, 'wahyu.april25@gmail.com', NULL, NULL),
('16.9461', NULL, 'WAHYU DWI HAYATI', 'D IV', '3 SK 4', NULL, NULL, 'wahyudwihayati@gmail.com', NULL, NULL),
('16.9463', NULL, 'WINDA APRILIA', 'D IV', '3 SE 4', NULL, NULL, 'Winwinwa0404@gmail.com', NULL, NULL),
('16.9464', NULL, 'WISNU ADI KUSUMA', 'D IV', '3 SK 5', NULL, NULL, 'wisnuadikusuma97@gmail.com', NULL, NULL),
('16.9465', NULL, 'YAKHIN ELTVICSON DO LALU', 'D III', '3 D3 2', NULL, NULL, '16.9465@stis.ac.id', NULL, NULL),
('16.9466', NULL, 'YASMIN', 'D IV', '3 SE 5', NULL, NULL, 'yasminnn130698@gmail.com', NULL, NULL),
('16.9467', NULL, 'YENDRA AGINTA SEMBIRING', 'D IV', '3 SE 2', NULL, NULL, 'gintasembiring7@gmail.com', NULL, NULL),
('16.9468', NULL, 'YOCCO BIMARTA', 'D IV', '3 SE 3', NULL, NULL, 'yoccobimarta@gmail.com', NULL, NULL),
('16.9469', NULL, 'YOHANA ROSARIPATRIA', 'D III', '3 D3 1', NULL, NULL, 'Rosaripatria@gmail.com', NULL, NULL),
('16.9470', NULL, 'YONATHAN GRANDYS PRATAMA MALO', 'D III', '3 D3 1', NULL, NULL, 'grandyspratama@gmail.com', NULL, NULL),
('16.9471', NULL, 'YOSEPHINA FERDA LENDO', 'D III', '3 D3 2', NULL, NULL, 'Ferdalendo@gmail.com', NULL, NULL),
('16.9472', NULL, 'YOSHERINA DHEA GITA ASSALAMA', 'D IV', '3 SE 1', NULL, NULL, 'yosherinadhea@gmail.com', NULL, NULL),
('16.9473', NULL, 'YUDHA ADITYA', 'D IV', '3 SE 4', NULL, NULL, 'yudha.aditya27@gmail.com', NULL, NULL),
('16.9474', NULL, 'YUDI DHARMA', 'D IV', '3 SK 1', NULL, NULL, 'alfatihbumi@gmail.com', NULL, NULL),
('16.9475', NULL, 'YULIA MAHMUDAH', 'D IV', '3 KS 3', NULL, NULL, 'Mahmudahyulia5@gmail.com', NULL, NULL),
('16.9476', NULL, 'YULIANA DJAMI', 'D III', '3 D3 2', NULL, NULL, 'yulianadjami@gmail.com', NULL, NULL),
('16.9477', NULL, 'YULIANUS RONALDIAS', 'D IV', '3 SK 2', NULL, NULL, 'yulianusronaldias@gmail.com', NULL, NULL),
('16.9478', NULL, 'YUSUF FUADI', 'D IV', '3 SK 3', NULL, NULL, 'fuadyyusuf.fy@gmail.com', NULL, NULL),
('16.9479', NULL, 'YUYUN WAHYU SETIANI', 'D IV', '3 SE 2', NULL, NULL, 'Yuyunsetiani0@gmail.com', NULL, NULL),
('16.9480', NULL, 'ZAHRA ALIIFA', 'D IV', '3 SE 3', NULL, NULL, 'zhraismyname@gmail.com', NULL, NULL),
('16.9481', NULL, 'ZARADIA PERMATASARI', 'D IV', '3 SE 4', NULL, NULL, 'zaradiapermatasari37@gmail.com', NULL, NULL),
('16.9482', NULL, 'ZASYA SAFITRI', 'D IV', '3 SE 5', NULL, NULL, 'zasyasafitri44@gmail.com', NULL, NULL),
('16.9483', NULL, 'ZIDNA INAYATIKA', 'D IV', '3 SK 5', NULL, NULL, 'zidna.inayatika.1@gmail.com', NULL, NULL),
('16.9484', NULL, 'ZULFIKRI', 'D III', '3 D3 2', NULL, NULL, 'ucihagara10@gmail.com', NULL, NULL),
('16.9485', NULL, 'ZURIANTO FATHUR RACHIM', 'D IV', '3 SE 5', NULL, NULL, '16.9485@stis.ac.id', NULL, NULL);

--
-- Indexes for dumped tables
--

--
-- Indexes for table `desa`
--
ALTER TABLE `desa`
  ADD PRIMARY KEY (`id_desa`),
  ADD KEY `desa_ibfk_1` (`id_kec`);

--
-- Indexes for table `fase_tanam`
--
ALTER TABLE `fase_tanam`
  ADD PRIMARY KEY (`id_fase`);

--
-- Indexes for table `feedback`
--
ALTER TABLE `feedback`
  ADD PRIMARY KEY (`id_feedback`),
  ADD KEY `feedback_ibfk_1` (`nim_penerima`),
  ADD KEY `id_segmen` (`id_segmen`),
  ADD KEY `jenis_feedback` (`jenis_feedback`);

--
-- Indexes for table `foto_amatan`
--
ALTER TABLE `foto_amatan`
  ADD PRIMARY KEY (`id_foto`),
  ADD KEY `id_subsegmen` (`id_subsegmen`),
  ADD KEY `status_foto` (`status_foto`);

--
-- Indexes for table `jenis_feedback`
--
ALTER TABLE `jenis_feedback`
  ADD PRIMARY KEY (`id_jenis_feedback`);

--
-- Indexes for table `kabkota`
--
ALTER TABLE `kabkota`
  ADD PRIMARY KEY (`id_kab`);

--
-- Indexes for table `kecamatan`
--
ALTER TABLE `kecamatan`
  ADD PRIMARY KEY (`id_kec`),
  ADD KEY `id_kab` (`id_kab`);

--
-- Indexes for table `luas_sawah_kecamatan`
--
ALTER TABLE `luas_sawah_kecamatan`
  ADD PRIMARY KEY (`id_kec`),
  ADD KEY `id_kab` (`id_kab`);

--
-- Indexes for table `no_hp`
--
ALTER TABLE `no_hp`
  ADD PRIMARY KEY (`no_hp`),
  ADD KEY `nim` (`nim`);

--
-- Indexes for table `otoritas`
--
ALTER TABLE `otoritas`
  ADD PRIMARY KEY (`id_otoritas`);

--
-- Indexes for table `pemberitahuan`
--
ALTER TABLE `pemberitahuan`
  ADD PRIMARY KEY (`id_pemberitahuan`);

--
-- Indexes for table `pesan`
--
ALTER TABLE `pesan`
  ADD PRIMARY KEY (`id_pesan`),
  ADD KEY `nim_pengirim` (`nim_pengirim`);

--
-- Indexes for table `segmen`
--
ALTER TABLE `segmen`
  ADD PRIMARY KEY (`id_segmen`),
  ADD KEY `id_desa` (`id_desa`),
  ADD KEY `id_status` (`id_status`),
  ADD KEY `id_strata` (`id_strata`),
  ADD KEY `nim_pcl` (`nim_pcl`);

--
-- Indexes for table `segmen_pengganti`
--
ALTER TABLE `segmen_pengganti`
  ADD PRIMARY KEY (`id_segmen_pengganti`),
  ADD KEY `segmen_sebelumnya` (`segmen_sebelumnya`);

--
-- Indexes for table `status_foto`
--
ALTER TABLE `status_foto`
  ADD PRIMARY KEY (`id_status_foto`);

--
-- Indexes for table `status_segmen`
--
ALTER TABLE `status_segmen`
  ADD PRIMARY KEY (`id_status`);

--
-- Indexes for table `strata`
--
ALTER TABLE `strata`
  ADD PRIMARY KEY (`id_strata`);

--
-- Indexes for table `subsegmen`
--
ALTER TABLE `subsegmen`
  ADD PRIMARY KEY (`id_subsegmen`),
  ADD KEY `id_fase` (`id_fase`),
  ADD KEY `id_status` (`id_status`),
  ADD KEY `id_segmen` (`id_segmen`);

--
-- Indexes for table `tim`
--
ALTER TABLE `tim`
  ADD PRIMARY KEY (`id_tim`),
  ADD KEY `nim_koor` (`nim_koor`);

--
-- Indexes for table `user`
--
ALTER TABLE `user`
  ADD PRIMARY KEY (`nim`),
  ADD KEY `id_tim` (`id_tim`);

--
-- AUTO_INCREMENT for dumped tables
--

--
-- AUTO_INCREMENT for table `feedback`
--
ALTER TABLE `feedback`
  MODIFY `id_feedback` int(11) NOT NULL AUTO_INCREMENT;

--
-- AUTO_INCREMENT for table `foto_amatan`
--
ALTER TABLE `foto_amatan`
  MODIFY `id_foto` int(11) NOT NULL AUTO_INCREMENT;

--
-- AUTO_INCREMENT for table `jenis_feedback`
--
ALTER TABLE `jenis_feedback`
  MODIFY `id_jenis_feedback` int(11) NOT NULL AUTO_INCREMENT, AUTO_INCREMENT=5;

--
-- AUTO_INCREMENT for table `pesan`
--
ALTER TABLE `pesan`
  MODIFY `id_pesan` int(11) NOT NULL AUTO_INCREMENT;

--
-- AUTO_INCREMENT for table `status_foto`
--
ALTER TABLE `status_foto`
  MODIFY `id_status_foto` int(11) NOT NULL AUTO_INCREMENT, AUTO_INCREMENT=5;

--
-- Constraints for dumped tables
--

--
-- Constraints for table `desa`
--
ALTER TABLE `desa`
  ADD CONSTRAINT `desa_ibfk_1` FOREIGN KEY (`id_kec`) REFERENCES `kecamatan` (`id_kec`) ON DELETE CASCADE ON UPDATE CASCADE;

--
-- Constraints for table `feedback`
--
ALTER TABLE `feedback`
  ADD CONSTRAINT `feedback_ibfk_1` FOREIGN KEY (`nim_penerima`) REFERENCES `user` (`nim`) ON DELETE CASCADE ON UPDATE CASCADE,
  ADD CONSTRAINT `feedback_ibfk_2` FOREIGN KEY (`id_segmen`) REFERENCES `segmen` (`id_segmen`) ON DELETE CASCADE ON UPDATE CASCADE,
  ADD CONSTRAINT `feedback_ibfk_3` FOREIGN KEY (`id_segmen`) REFERENCES `segmen_pengganti` (`id_segmen_pengganti`) ON DELETE CASCADE ON UPDATE CASCADE,
  ADD CONSTRAINT `feedback_ibfk_4` FOREIGN KEY (`jenis_feedback`) REFERENCES `jenis_feedback` (`id_jenis_feedback`) ON DELETE CASCADE ON UPDATE CASCADE;

--
-- Constraints for table `foto_amatan`
--
ALTER TABLE `foto_amatan`
  ADD CONSTRAINT `foto_amatan_ibfk_1` FOREIGN KEY (`id_subsegmen`) REFERENCES `subsegmen` (`id_subsegmen`) ON DELETE CASCADE ON UPDATE CASCADE,
  ADD CONSTRAINT `foto_amatan_ibfk_2` FOREIGN KEY (`status_foto`) REFERENCES `status_foto` (`id_status_foto`) ON DELETE CASCADE ON UPDATE CASCADE;

--
-- Constraints for table `kecamatan`
--
ALTER TABLE `kecamatan`
  ADD CONSTRAINT `kecamatan_ibfk_1` FOREIGN KEY (`id_kab`) REFERENCES `kabkota` (`id_kab`) ON DELETE CASCADE ON UPDATE CASCADE;

--
-- Constraints for table `luas_sawah_kecamatan`
--
ALTER TABLE `luas_sawah_kecamatan`
  ADD CONSTRAINT `luas_sawah_kecamatan_ibfk_1` FOREIGN KEY (`id_kab`) REFERENCES `kabkota` (`id_kab`) ON DELETE CASCADE ON UPDATE CASCADE,
  ADD CONSTRAINT `luas_sawah_kecamatan_ibfk_2` FOREIGN KEY (`id_kec`) REFERENCES `kecamatan` (`id_kec`) ON DELETE CASCADE ON UPDATE CASCADE;

--
-- Constraints for table `no_hp`
--
ALTER TABLE `no_hp`
  ADD CONSTRAINT `no_hp_ibfk_1` FOREIGN KEY (`nim`) REFERENCES `user` (`nim`) ON DELETE CASCADE ON UPDATE CASCADE;

--
-- Constraints for table `pesan`
--
ALTER TABLE `pesan`
  ADD CONSTRAINT `pesan_ibfk_1` FOREIGN KEY (`nim_pengirim`) REFERENCES `user` (`nim`) ON DELETE CASCADE ON UPDATE CASCADE;

--
-- Constraints for table `segmen`
--
ALTER TABLE `segmen`
  ADD CONSTRAINT `segmen_ibfk_1` FOREIGN KEY (`id_desa`) REFERENCES `desa` (`id_desa`) ON DELETE CASCADE ON UPDATE CASCADE,
  ADD CONSTRAINT `segmen_ibfk_2` FOREIGN KEY (`id_status`) REFERENCES `status_segmen` (`id_status`) ON DELETE CASCADE ON UPDATE CASCADE,
  ADD CONSTRAINT `segmen_ibfk_3` FOREIGN KEY (`id_strata`) REFERENCES `strata` (`id_strata`) ON DELETE CASCADE ON UPDATE CASCADE,
  ADD CONSTRAINT `segmen_ibfk_4` FOREIGN KEY (`nim_pcl`) REFERENCES `user` (`nim`) ON DELETE CASCADE ON UPDATE CASCADE;

--
-- Constraints for table `segmen_pengganti`
--
ALTER TABLE `segmen_pengganti`
  ADD CONSTRAINT `segmen_pengganti_ibfk_1` FOREIGN KEY (`segmen_sebelumnya`) REFERENCES `segmen` (`id_segmen`) ON DELETE SET NULL ON UPDATE CASCADE;

--
-- Constraints for table `subsegmen`
--
ALTER TABLE `subsegmen`
  ADD CONSTRAINT `subsegmen_ibfk_1` FOREIGN KEY (`id_segmen`) REFERENCES `segmen` (`id_segmen`) ON DELETE CASCADE ON UPDATE CASCADE,
  ADD CONSTRAINT `subsegmen_ibfk_2` FOREIGN KEY (`id_fase`) REFERENCES `fase_tanam` (`id_fase`) ON DELETE CASCADE ON UPDATE CASCADE,
  ADD CONSTRAINT `subsegmen_ibfk_3` FOREIGN KEY (`id_status`) REFERENCES `status_segmen` (`id_status`) ON DELETE CASCADE ON UPDATE CASCADE,
  ADD CONSTRAINT `subsegmen_ibfk_4` FOREIGN KEY (`id_segmen`) REFERENCES `segmen_pengganti` (`id_segmen_pengganti`) ON DELETE CASCADE ON UPDATE CASCADE;

--
-- Constraints for table `tim`
--
ALTER TABLE `tim`
  ADD CONSTRAINT `tim_ibfk_1` FOREIGN KEY (`nim_koor`) REFERENCES `user` (`nim`) ON DELETE CASCADE ON UPDATE CASCADE;

--
-- Constraints for table `user`
--
ALTER TABLE `user`
  ADD CONSTRAINT `user_ibfk_1` FOREIGN KEY (`id_tim`) REFERENCES `tim` (`id_tim`) ON DELETE CASCADE ON UPDATE CASCADE;
COMMIT;

/*!40101 SET CHARACTER_SET_CLIENT=@OLD_CHARACTER_SET_CLIENT */;
/*!40101 SET CHARACTER_SET_RESULTS=@OLD_CHARACTER_SET_RESULTS */;
/*!40101 SET COLLATION_CONNECTION=@OLD_COLLATION_CONNECTION */;
